"PointID","Date","Temperature","Wind","Sky","StartTime","EndTime","WMA","Longitude","Latitude","Observer"
0,"6/10/2008",29,0,0,08:16:00,08:28:00,"SS",-87.9709316897,31.5670352897,"PA"
5,"6/11/2008",20,0,1,06:11:00,06:23:00,"SS",-87.9853996705,31.5656410644,"ET"
8,"6/10/2008",30,0,0,09:40:00,09:52:00,"SS",-87.9768634208,31.5650278738,"PA"
10,"6/10/2008",28,0,0,08:53:00,09:05:00,"SS",-87.9711726597,31.5646187179,"PA"
47,"6/10/2008",21,0,0,06:39:00,06:51:00,"SS",-87.9605151491,31.5565498151,"ET"
52,"6/11/2008",20,0,1,06:40:00,06:52:00,"SS",-87.9778264799,31.5553614304,"MG"
58,"6/10/2008",22.5,0,0,07:14:00,07:26:00,"SS",-87.9607563997,31.5541332182,"ET"
61,"6/10/2008",20,0,0,06:07:00,06:19:00,"SS",-87.9666874357,31.5521262932,"MG"
63,"6/10/2008",23.5,0,0,08:02:00,08:14:00,"SS",-87.9609976358,31.5517166099,"ET"
65,"6/10/2008",22,0,0,07:02:00,07:24:00,"SS",-87.9697733253,31.5499143907,"MG"
72,"6/10/2008",24,0,0,08:15:00,08:27:00,"SS",-87.9643247883,31.5470882261,"MG"
75,"6/10/2008",22,0,0,07:40:00,07:52:00,"SS",-87.9702552181,31.5450810853,"MG"
84,"6/10/2008",27,0,0,08:46:00,08:58:00,"SS",-87.9591178957,31.5418451318,"MG"
85,"6/24/2010",25,0,1,08:05:00,08:17:00,"LC",-88.1775300106,35.0058684613,"WH"
89,"6/21/2010",27,1,0,09:15:00,09:27:00,"LC",-88.1656381828,35.0050742157,"WH"
90,"6/21/2010",26,0,0,08:36:00,08:48:00,"LC",-88.1626652642,35.0048754661,"WH"
96,"6/14/2010",23,0,0,06:42:00,06:54:00,"LC",-88.1180733339,35.0018851898,"CJ"
97,"6/15/2010",20,0,0,06:12:00,06:24:00,"LC",-88.115100662,35.0016852359,"CJ"
116,"6/15/2010",23,0,0,07:17:00,07:29:00,"LC",-88.1183204431,34.9994803053,"CJ"
126,"6/21/2010",23,0,0,07:44:00,07:56:00,"LC",-88.1482932583,34.9990706986,"WH"
133,"6/17/2010",27,1,1,08:50:00,09:02:00,"LC",-88.112622578,34.9966754545,"CJ"
135,"6/23/2010",26,1,1,09:38:00,09:50:00,"LC",-88.178265751,34.9986534439,"WH"
137,"6/24/2010",24,1,1,07:08:00,07:20:00,"LC",-88.1723203606,34.998256506,"WH"
139,"6/21/2010",27,0,0,06:55:00,07:07:00,"LC",-88.1515119778,34.9968648525,"WH"
147,"6/17/2010",21,0,1,07:11:00,07:23:00,"LC",-88.1158422204,34.9944705807,"CJ"
154,"6/21/2010",19,0,0,06:10:00,06:22:00,"LC",-88.1487855528,34.9942607827,"WH"
155,"6/16/2010",21,1,1,06:23:00,06:35:00,"LC",-88.1368958179,34.9934636183,"CJ"
160,"6/17/2010",20,0,1,06:14:00,06:26:00,"LC",-88.1131170885,34.9918656769,"CJ"
161,"6/23/2010",24,1,0,06:29:00,06:41:00,"LC",-88.1757836497,34.9936449808,"WH"
165,"6/16/2010",24,1,1,06:45:00,06:57:00,"LC",-88.1371423114,34.9910586738,"CJ"
166,"6/16/2010",22,1,1,07:19:00,07:31:00,"LC",-88.1341700085,34.9908592003,"CJ"
171,"6/15/2010",30,1,0,07:47:00,07:59:00,"LC",-88.1193087256,34.9898607039,"CJ"
174,"6/23/2010",25,0,1,07:32:00,07:44:00,"LC",-88.1730565169,34.991041466,"WH"
175,"6/23/2010",25,1,1,07:54:00,08:06:00,"LC",-88.1700841218,34.9908429013,"WH"
180,"6/15/2010",26,1,0,08:19:00,08:31:00,"LC",-88.1195557576,34.9874557877,"CJ"
187,"6/15/2010",28,1,0,08:45:00,08:57:00,"LC",-88.1198027741,34.9850508651,"CJ"
188,"6/15/2010",26,1,0,09:16:00,09:28:00,"LC",-88.1168307485,34.9848509516,"CJ"
202,"6/16/2010",23,2,1,09:21:00,09:33:00,"LC",-88.1111340216,34.9820459872,"CJ"
204,"6/28/2010",24,0,0,06:38:00,06:50:00,"LC",-88.1678483142,34.9834291987,"WH"
213,"6/15/2010",28,2,0,10:01:00,10:13:00,"LC",-88.1173249198,34.9800410989,"CJ"
214,"6/16/2010",22,1,1,08:30:00,08:42:00,"LC",-88.1143530942,34.9798411216,"CJ"
217,"6/28/2010",25,2,0,07:48:00,08:00:00,"LC",-88.1651218123,34.9808254728,"WH"
238,"6/17/2010",30,1,1,09:40:00,09:52:00,"LC",-88.097017867,34.9738298807,"CJ"
240,"6/28/2010",27,1,1,08:39:00,08:41:00,"LC",-88.1656129376,34.976015398,"WH"
246,"6/22/2010",21,0,0,07:05:00,07:17:00,"LC",-88.121037625,34.9730261567,"WH"
250,"6/17/2010",25,1,0,09:10:00,09:22:00,"LC",-88.0318974427,34.9669968887,"WH"
260,"6/22/2010",24,1,1,07:51:00,08:03:00,"LC",-88.1212845489,34.9706211959,"WH"
268,"6/25/2010",26,0,2,07:14:00,07:26:00,"LC",-88.1571892156,34.9706088382,"WH"
283,"6/24/2010",28,2,1,10:00:00,10:12:00,"LC",-88.1425777938,34.9672082204,"WH"
296,"6/25/2010",28,0,1,07:53:00,08:05:00,"LC",-88.1576807717,34.9657987467,"WH"
299,"6/15/2010",26,0,1,08:48:00,09:00:00,"LC",-88.1249964383,34.9636060616,"JK"
300,"6/15/2010",24,0,1,08:16:00,08:28:00,"LC",-88.116082853,34.9630064767,"JK"
301,"6/15/2010",23,0,1,06:22:00,06:34:00,"LC",-88.1131116887,34.9628064646,"JK"
302,"6/15/2010",24,0,1,07:45:00,07:57:00,"LC",-88.11014054,34.9626063772,"JK"
311,"6/25/2010",27,0,1,08:30:00,08:42:00,"LC",-88.1608978298,34.9635925693,"WH"
317,"6/15/2010",25,0,1,07:09:00,07:21:00,"LC",-88.110387771,34.9602014139,"JK"
325,"6/23/2010",29,2,0,09:46:00,09:58:00,"LC",-88.1254899626,34.958796071,"JK"
333,"6/16/2010",22,0,2,06:14:00,06:26:00,"LC",-88.1138530589,34.9555915382,"JK"
338,"6/18/2010",23,0,1,07:11:00,07:23:00,"LC",-88.1438087984,34.9551830554,"JK"
339,"6/18/2010",24,0,1,07:50:00,08:02:00,"LC",-88.1408378644,34.9549837433,"JK"
341,"6/18/2010",25,1,1,08:50:00,09:02:00,"LC",-88.1348960424,34.9545848936,"JK"
346,"6/22/2010",27,2,1,08:58:00,09:10:00,"LC",-88.1200417574,34.9535864528,"JK"
348,"6/24/2010",26,0,1,07:51:00,08:03:00,"LC",-88.1529675709,34.9533754707,"JK"
357,"6/22/2010",25,1,1,07:16:00,07:28:00,"LC",-88.1262301333,34.9515810371,"JK"
358,"6/22/2010",25,1,1,07:50:00,08:02:00,"LC",-88.1232593839,34.9513812794,"JK"
359,"6/22/2010",26,2,1,08:26:00,08:38:00,"LC",-88.12028865,34.9511814466,"JK"
360,"6/16/2010",22,0,2,05:39:00,05:51:00,"LC",-88.1113765408,34.9505814967,"JK"
362,"6/24/2010",32,0,3,08:35:00,08:47:00,"LC",-88.1502426378,34.95077132,"JK"
369,"6/22/2010",23,1,1,06:43:00,06:55:00,"LC",-88.1294474985,34.9493756896,"JK"
376,"6/21/2010",23,0,1,07:28:00,07:40:00,"LC",-88.1445472164,34.9479678795,"JK"
377,"6/21/2010",20,0,1,06:58:00,07:10:00,"LC",-88.1415765591,34.9477685847,"JK"
379,"6/21/2010",25,0,1,08:14:00,08:26:00,"LC",-88.1356352905,34.9473697694,"JK"
382,"6/17/2010",25,1,1,07:36:00,07:48:00,"LC",-88.1267235033,34.9467709824,"JK"
402,"6/16/2010",24,1,2,08:03:00,08:15:00,"LC",-88.1301872075,34.9421605614,"JK"
403,"6/16/2010",23,0,3,07:33:00,07:45:00,"LC",-88.1272168116,34.941960902,"JK"
404,"6/16/2010",23,0,1,06:56:00,07:08:00,"LC",-88.1242464311,34.9417611674,"JK"
406,"6/17/2010",23,0,1,06:42:00,06:54:00,"LC",-88.1183057163,34.9413614725,"JK"
419,"6/17/2010",28,1,1,09:05:00,09:17:00,"LC",-88.13934475,34.9403540156,"JK"
421,"6/17/2010",27,0,2,08:26:00,08:38:00,"LC",-88.1334040655,34.9399550843,"JK"
422,"6/16/2010",24,1,1,08:28:00,08:40:00,"LC",-88.1304337463,34.9397555059,"JK"
423,"6/16/2010",25,0,1,09:10:00,09:22:00,"LC",-88.1274634426,34.9395558522,"JK"
428,"6/17/2010",22,0,0,06:51:00,07:03:00,"LC",-88.0294521025,34.9329250912,"WH"
457,"6/16/2010",24,2,1,08:46:00,08:58:00,"LC",-88.0925641212,34.9299391614,"WH"
460,"6/25/2010",24,0,1,07:27:00,07:39:00,"LC",-88.1403296449,34.93073366,"JK"
464,"6/17/2010",NA,NA,NA,08:22:00,08:34:00,"LC",-88.1076606996,34.9285360683,"WH"
478,"6/23/2010",25,0,0,07:24:00,07:36:00,"LC",-88.1348824218,34.9255245813,"JK"
479,"6/23/2010",24,0,0,06:52:00,07:04:00,"LC",-88.1319126557,34.9253250373,"JK"
483,"6/16/2010",25,1,1,09:36:00,09:48:00,"LC",-88.1022158434,34.9233254617,"WH"
487,"6/16/2010",22,0,2,07:10:00,07:22:00,"LC",-88.0843984977,34.922122107,"WH"
492,"6/29/2010",22,0,1,06:58:00,07:10:00,"LC",-88.1202805453,34.9221210318,"JK"
501,"6/17/2010",24,0,1,06:44:00,06:56:00,"LC",-88.0967717245,34.9181145747,"WH"
502,"6/16/2010",23,0,3,06:15:00,06:27:00,"LC",-88.0819249738,34.9171112729,"WH"
504,"6/15/2010",24,0,1,06:20:00,06:32:00,"LC",-88.075986382,34.9167094259,"WH"
512,"6/17/2010",25,0,1,07:34:00,07:46:00,"LC",-88.1029578546,34.916110313,"WH"
515,"6/15/2010",31,0,1,10:13:00,10:25:00,"LC",-88.0821729404,34.9147062573,"WH"
517,"6/15/2010",25,0,1,07:13:00,07:25:00,"LC",-88.0762345328,34.9143044218,"WH"
518,"6/29/2010",22,0,1,07:13:00,07:25:00,"LC",-88.1239901874,34.9151055818,"WH"
521,"6/28/2010",26,1,0,07:53:00,08:05:00,"LC",-88.1150822263,34.914505891,"JK"
529,"6/15/2010",27,0,1,07:48:00,08:00:00,"LC",-88.0764826681,34.9118994112,"WH"
533,"6/28/2010",24,0,0,07:02:00,07:14:00,"LC",-88.1123599511,34.9119007574,"JK"
540,"6/15/2010",26,0,1,08:18:00,08:30:00,"LC",-88.0767307879,34.9094943942,"WH"
547,"6/15/2010",28,0,1,09:23:00,09:35:00,"LC",-88.0799478118,34.9072903087,"WH"
548,"6/15/2010",27,0,1,08:45:00,08:57:00,"LC",-88.0769788921,34.9070893707,"WH"
581,"6/14/2010",25,0,0,07:34:00,07:46:00,"LC",-88.0473099945,34.8760140662,"CJ"
582,"6/14/2010",23,0,0,05:58:00,06:10:00,"LC",-88.0116994781,34.8735878613,"CJ"
583,"6/14/2010",24,0,0,06:29:00,06:41:00,"LC",-88.0087320365,34.8733851891,"CJ"
623,"5/27/2010",20,1,0,07:10:00,07:22:00,"MS",-86.5164345877,34.7520812985,"CJ"
629,"6/14/2010",27,1,0,08:25:00,08:37:00,"LC",-88.0366858335,34.8631813614,"CJ"
639,"5/26/2010",27,1,0,09:09:00,09:31:00,"MS",-86.5108140521,34.7491984074,"CJ"
640,"5/26/2010",22,0,0,08:29:00,08:41:00,"MS",-86.507855708,34.7489577482,"CJ"
650,"5/26/2010",28,0,0,09:44:00,09:56:00,"MS",-86.5081521709,34.7465559646,"CJ"
651,"5/26/2010",20,0,0,07:55:00,08:07:00,"MS",-86.5051939365,34.7463152375,"CJ"
653,"5/26/2010",20,0,0,07:15:00,07:27:00,"MS",-86.4992775229,34.7458335588,"CJ"
668,"5/26/2010",19,1,1,05:46:00,05:58:00,"MS",-86.5084486154,34.7441541739,"CJ"
669,"5/26/2010",19,1,0,06:28:00,06:40:00,"MS",-86.5054904721,34.7439134537,"CJ"
678,"6/30/2010",22,0,3,07:09:00,07:21:00,"LC",-88.040400249,34.856168129,"WH"
682,"5/27/2010",18,2,0,06:09:00,06:21:00,"MS",-86.5146612011,34.7422335786,"CJ"
683,"5/27/2010",18,2,0,05:42:00,05:54:00,"MS",-86.5117031121,34.7419930149,"CJ"
701,"6/14/2010",28,1,0,09:35:00,09:47:00,"LC",-88.0468317378,34.8517616137,"CJ"
703,"5/28/2010",20,2,1,08:06:00,08:18:00,"MS",-86.5152536333,34.7374299351,"WH"
706,"5/27/2010",21,3,0,08:15:00,08:27:00,"MS",-86.5063799683,34.7367080607,"CJ"
707,"5/27/2010",23,2,0,09:19:00,09:31:00,"MS",-86.5034221169,34.7364672863,"CJ"
712,"5/28/2010",19,1,1,06:31:00,06:43:00,"MS",-86.5185076557,34.7352685712,"LP"
716,"5/27/2010",21,2,0,08:43:00,08:55:00,"MS",-86.5066764301,34.7343062492,"CJ"
720,"5/28/2010",20,2,1,07:11:00,07:23:00,"MS",-86.5158459916,34.7326262638,"WH"
726,"5/28/2010",20,2,0,07:15:00,07:27:00,"MS",-86.5161421432,34.7302244177,"LP"
734,"5/26/2010",27,0,1,06:14:00,06:26:00,"MS",-86.5492675684,34.7280614393,"LP"
736,"5/26/2010",19,0,0,07:25:00,07:37:00,"MS",-86.5318175636,34.7242202594,"LP"
737,"5/26/2010",21,1,0,07:53:00,08:05:00,"MS",-86.5288601115,34.7239801247,"LP"
743,"5/26/2010",22,1,0,08:39:00,08:51:00,"MS",-86.5321131858,34.7218183512,"LP"
748,"5/27/2010",19,2,0,06:39:00,06:51:00,"MS",-86.517326565,34.7206169636,"LP"
749,"5/27/2010",19,1,0,07:11:00,07:23:00,"MS",-86.5176226244,34.7182150826,"LP"
750,"5/27/2010",21,1,0,07:40:00,07:52:00,"MS",-86.5179186654,34.7158131946,"LP"
751,"5/27/2010",20,1,0,08:10:00,08:22:00,"MS",-86.5182146879,34.7134112997,"LP"
793,"6/14/2010",29,0,1,08:17:00,08:29:00,"LC",-88.0362346066,34.8098647455,"WH"
807,"6/14/2010",30,0,1,10:20:00,10:32:00,"LC",-88.0394486305,34.8076615415,"WH"
808,"6/14/2010",26,0,1,09:09:00,09:21:00,"LC",-88.0364836537,34.8074595577,"WH"
812,"6/11/2010",25,0,2,09:00:00,09:12:00,"LC",-88.0663822326,34.8070707651,"JK"
835,"6/11/2010",22,0,1,07:03:00,07:15:00,"LC",-88.0399464944,34.8028511345,"JK"
875,"6/10/2010",21,0,3,07:24:00,07:36:00,"LC",-88.0468709338,34.7936339136,"CJ"
881,"6/10/2010",21,1,3,08:12:00,08:24:00,"LC",-88.0560127846,34.791833591,"CJ"
882,"6/10/2010",21,0,3,08:41:00,08:53:00,"LC",-88.0530483731,34.791632023,"CJ"
884,"6/10/2010",22,1,2,09:29:00,09:41:00,"LC",-88.0562611565,34.7894283153,"CJ"
889,"6/30/2010",22,1,3,06:46:00,06:58:00,"LC",-88.065650355,34.7852219455,"JK"
891,"6/10/2010",23,1,2,09:54:00,10:06:00,"LC",-88.0537937179,34.7844161932,"CJ"
909,"6/7/2010",27,0,2,06:15:00,06:27:00,"LC",-88.0402395727,34.7423150605,"WH"
915,"6/14/2010",30,0,1,10:01:00,10:13:00,"LC",-88.0997390469,34.7439333771,"JK"
943,"6/1/2010",21,1,1,06:29:00,06:41:00,"LC",-87.9318989625,34.7227660762,"CJ"
945,"6/1/2010",22,1,2,07:16:00,07:28:00,"LC",-87.9259761143,34.7223565528,"CJ"
979,"6/7/2010",21,1,1,07:33:00,07:45:00,"LC",-88.0303819279,34.7222637384,"WH"
981,"5/31/2010",21,2,2,09:12:00,09:24:00,"LC",-87.9681900762,34.7180011214,"CJ"
986,"6/1/2010",25,1,1,09:41:00,09:53:00,"LC",-87.9385773289,34.715959679,"CJ"
991,"6/11/2010",25,2,3,08:47:00,08:59:00,"LC",-88.0632092852,34.7220778729,"WH"
1022,"6/7/2010",22,2,1,08:41:00,08:53:00,"LC",-88.027918317,34.7172507104,"WH"
1025,"5/31/2010",20,2,3,08:37:00,08:49:00,"LC",-87.9627694943,34.7127828918,"CJ"
1031,"6/1/2010",23,1,2,08:49:00,09:01:00,"LC",-87.9390808875,34.7111492312,"CJ"
1070,"6/10/2010",23,0,3,08:15:00,08:27:00,"LC",-88.0580300716,34.7144585982,"WH"
1080,"6/8/2010",20,0,2,06:47:00,06:59:00,"LC",-88.0195324921,34.7118328111,"WH"
1101,"6/10/2010",20,0,4,06:20:00,06:32:00,"LC",-88.0642008852,34.7124559494,"WH"
1102,"6/10/2010",22,3,0,07:02:00,07:16:00,"LC",-88.0612395007,34.7122545715,"WH"
1104,"6/10/2010",23,0,3,09:00:00,09:12:00,"LC",-88.0553167781,34.7118515908,"WH"
1105,"6/10/2010",23,1,3,09:36:00,09:48:00,"LC",-88.05235544,34.711649988,"WH"
1107,"6/10/2010",24,3,1,10:25:00,10:37:00,"LC",-88.0464328103,34.7112465572,"WH"
1122,"6/2/2010",18,0,1,06:31:00,06:43:00,"LC",-87.9487183934,34.7045466411,"CJ"
1124,"5/31/2010",22,1,2,10:10:00,10:22:00,"LC",-87.9427968539,34.704137961,"CJ"
1149,"6/7/2010",26,1,0,10:18:00,10:30:00,"LC",-88.0259531465,34.7074267643,"WH"
1164,"6/2/2010",25,1,1,10:04:00,10:16:00,"LC",-87.934166554,34.7011191357,"CJ"
1182,"6/28/2010",26,0,1,09:58:00,10:10:00,"LC",-88.0410074157,34.7060319161,"WH"
1214,"6/7/2010",26,2,1,09:30:00,09:42:00,"LC",-88.0531000773,34.7044335431,"WH"
1215,"6/10/2010",23,0,2,09:00:00,09:12:00,"LC",-88.0501390296,34.7042318825,"WH"
1226,"6/2/2010",24,0,1,09:00:00,09:12:00,"LC",-87.9376307307,34.6965132144,"CJ"
1227,"6/2/2010",19,0,1,07:19:00,07:31:00,"LC",-87.9346702905,34.6963086295,"CJ"
1246,"6/10/2010",24,1,2,08:34:00,08:46:00,"LC",-88.0503873027,34.701826393,"WH"
1253,"6/2/2010",22,0,1,08:10:00,08:22:00,"LC",-87.929001485,34.693493983,"CJ"
1261,"6/1/2010",19,1,1,06:03:00,06:15:00,"LC",-87.9053195127,34.6918534516,"LP"
1272,"6/1/2010",26,0,2,10:10:00,10:22:00,"LC",-87.9440547826,34.6921115909,"JK"
1298,"6/1/2010",27,0,2,09:39:00,09:51:00,"LC",-87.9443063213,34.6897062964,"JK"
1299,"6/2/2010",18,0,1,06:55:00,07:07:00,"LC",-87.9413461244,34.6895018788,"WH"
1325,"5/31/2010",22,0,4,09:32:00,09:44:00,"LC",-87.9563984225,34.688117892,"JK"
1335,"6/1/2010",23,1,3,06:50:00,07:02:00,"LC",-87.9267974474,34.6860734004,"JK"
1340,"5/30/2010",21,2,2,08:41:00,08:53:00,"LC",-87.9119975483,34.6850483435,"LP"
1347,"6/11/2010",23,0,2,06:50:00,07:02:00,"LC",-88.0661833438,34.6932117762,"WH"
1355,"6/3/2010",28,1,3,10:28:00,10:40:00,"LC",-88.0336170268,34.6909930014,"WH"
1357,"6/4/2010",21,0,2,06:35:00,06:47:00,"LC",-88.0276960795,34.6905886131,"WH"
1380,"5/30/2010",20,1,2,08:05:00,08:17:00,"LC",-87.9092902214,34.6824378691,"LP"
1387,"6/4/2010",24,1,3,07:58:00,08:10:00,"LC",-88.0486679535,34.6895971424,"WH"
1388,"6/4/2010",24,0,4,09:48:00,10:00:00,"LC",-88.0457074862,34.6893953663,"WH"
1400,"5/31/2010",21,1,4,08:30:00,08:42:00,"LC",-87.9628207061,34.6837151976,"JK"
1407,"6/3/2010",23,0,3,08:32:00,08:44:00,"LC",-87.9421009212,34.6822859717,"WH"
1438,"5/31/2010",22,2,3,08:22:00,08:34:00,"LC",-87.9601117083,34.6811058964,"WH"
1449,"6/1/2010",22,0,2,06:48:00,07:00:00,"LC",-87.92755357,34.6788575603,"WH"
1456,"6/3/2010",20,0,2,06:24:00,06:36:00,"LC",-88.0550850964,34.6851893903,"WH"
1465,"6/3/2010",23,1,2,08:10:00,08:22:00,"LC",-87.9988417597,34.6813458932,"CJ"
1469,"6/3/2010",21,2,1,07:16:00,07:28:00,"LC",-87.9870017718,34.6805332873,"CJ"
1559,"6/8/2010",19,0,1,07:18:00,07:30:00,"LC",-88.026229516,34.6759533738,"CJ"
1565,"5/31/2010",23,2,3,09:25:00,09:37:00,"LC",-87.9699943484,34.6720959623,"WH"
1587,"6/8/2010",17,0,1,05:51:00,06:03:00,"LC",-88.0294382524,34.6737501273,"CJ"
1589,"6/8/2010",18,0,1,06:32:00,06:44:00,"LC",-88.0235186488,34.6733455198,"CJ"
1640,"6/7/2010",23,1,0,09:36:00,09:48:00,"LC",-88.0476939607,34.6701510238,"CJ"
1643,"6/7/2010",28,2,1,10:10:00,10:22:00,"LC",-88.038814849,34.6695453841,"CJ"
1651,"6/3/2010",23,2,1,09:08:00,09:20:00,"LC",-88.0032997968,34.6671160787,"CJ"
1672,"6/3/2010",26,1,2,09:58:00,10:10:00,"LC",-88.0301846654,34.6665335306,"CJ"
1681,"6/2/2010",23,1,1,08:51:00,09:03:00,"LC",-87.9680376939,34.6622705621,"JK"
1712,"6/2/2010",22,1,1,08:17:00,08:29:00,"LC",-87.9682883887,34.6598651377,"JK"
1717,"6/14/2010",26,0,0,07:12:00,07:24:00,"LC",-87.953492961,34.6588453025,"JK"
1739,"6/2/2010",23,1,1,09:23:00,09:35:00,"LC",-87.9833344284,34.6584776389,"LP"
1769,"6/2/2010",24,2,1,08:52:00,09:04:00,"LC",-87.9835846346,34.6560721717,"LP"
1771,"6/2/2010",24,1,1,10:05:00,10:17:00,"LC",-87.9776666266,34.6556652351,"JK"
1777,"6/14/2010",22,0,1,06:22:00,06:34:00,"LC",-87.9599129768,34.6544426267,"JK"
1778,"6/10/2010",23,0,3,09:13:00,09:25:00,"LC",-87.9569540898,34.6542385963,"JK"
1794,"6/3/2010",20,2,1,06:08:00,06:20:00,"LC",-87.9956706624,34.6544796483,"CJ"
1797,"6/2/2010",22,1,1,08:06:00,08:18:00,"LC",-87.9867937612,34.6538700477,"LP"
1808,"6/10/2010",22,0,3,08:38:00,08:50:00,"LC",-87.9542463237,34.651629075,"JK"
1827,"6/2/2010",18,1,1,07:07:00,07:19:00,"LC",-87.9840850003,34.6512612166,"LP"
1830,"6/2/2010",21,0,1,06:42:00,06:54:00,"LC",-87.9752085604,34.6506507341,"JK"
1842,"6/7/2010",20,1,0,08:48:00,09:00:00,"LC",-88.0464722352,34.6531100995,"CJ"
1855,"6/2/2010",19,0,1,06:23:00,06:35:00,"LC",-87.9872939128,34.6490590672,"LP"
1925,"6/3/2010",24,1,2,08:27:00,08:39:00,"LC",-87.9582090026,34.642211418,"JK"
1927,"6/3/2010",24,1,2,09:49:00,10:01:00,"LC",-87.95229219,34.6418031906,"JK"
1929,"6/7/2010",21,2,0,08:54:00,09:06:00,"LC",-87.94637544,34.6413946636,"JK"
1936,"6/4/2010",23,2,2,07:36:00,07:48:00,"LC",-88.014671031,34.6436690629,"CJ"
1939,"6/4/2010",21,0,1,06:06:00,06:18:00,"LC",-88.0057952219,34.6430608979,"CJ"
1954,"6/3/2010",23,2,2,07:39:00,07:51:00,"LC",-87.9614182766,34.6400099571,NA
1955,"6/3/2010",22,1,2,07:04:00,07:16:00,"LC",-87.9584599383,34.6398059616,"JK"
1961,"6/8/2010",20,0,2,07:36:00,07:48:00,"LC",-87.9407102367,34.6385804153,"JK"
1985,"6/3/2010",21,1,2,06:06:00,06:18:00,"LC",-87.9675856458,34.6380122426,"JK"
2023,"6/4/2010",22,0,2,07:09:00,07:21:00,"LC",-87.9530454987,34.6345868356,"JK"
2024,"6/4/2010",24,1,3,07:52:00,08:04:00,"LC",-87.9500873901,34.634382627,"JK"
2027,"6/7/2010",16,0,1,06:40:00,06:52:00,"LC",-87.9412131583,34.6337695516,"JK"
2032,"6/7/2010",15,0,0,06:34:00,06:46:00,"LC",-88.0272520645,34.6372620905,"CJ"
2044,"6/8/2010",21,1,1,08:24:00,08:36:00,"LC",-87.9917522137,34.6348291889,"CJ"
2054,"6/7/2010",14,0,1,05:50:00,06:02:00,"LC",-87.9621707156,34.632793529,"JK"
2056,"6/4/2010",20,0,1,06:09:00,06:21:00,"LC",-87.9562546032,34.632385498,"JK"
2102,"6/8/2010",23,1,1,09:03:00,09:15:00,"LC",-87.9892938964,34.6298148691,"CJ"
2116,"6/7/2010",21,1,0,07:44:00,07:56:00,"LC",-87.9449252106,34.6267576199,"JK"
2118,"6/7/2010",18,0,0,07:09:00,07:21:00,"LC",-87.9390096513,34.6263487132,"JK"
2128,"6/4/2010",24,2,3,08:58:00,09:10:00,"LC",-88.0220820809,34.6296405187,"CJ"
2160,"6/7/2010",18,0,0,07:34:00,07:46:00,"LC",-88.0312051091,34.6278418123,"CJ"
2165,"6/11/2010",24,1,1,09:32:00,09:44:00,"LC",-87.9868358979,34.6248004698,"CJ"
2166,"6/11/2010",25,2,1,08:58:00,09:10:00,"LC",-87.9838780748,34.6245971142,"CJ"
2167,"6/11/2010",22,1,1,08:28:00,08:40:00,"LC",-87.9809202672,34.6243936838,"CJ"
2196,"6/8/2010",23,1,1,09:37:00,09:49:00,"LC",-87.9900436334,34.6225981806,"CJ"
2197,"6/8/2010",24,2,1,10:04:00,10:16:00,"LC",-87.9870858861,34.6223949058,"CJ"
2198,"6/11/2010",22,1,1,07:56:00,08:08:00,"LC",-87.9841281544,34.622191556,"CJ"
2217,"6/8/2010",19,0,1,06:29:00,06:41:00,"LC",-87.9279342155,34.618313678,"JK"
2229,"6/11/2010",21,0,1,07:22:00,07:34:00,"LC",-87.9873358588,34.6199893349,"CJ"
2233,"6/9/2010",22,2,3,07:46:00,07:58:00,"LC",-87.9755053908,34.6191755096,"CJ"
2244,"6/9/2010",22,0,2,06:10:00,06:22:00,"LC",-87.9429728906,34.6169313101,"JK"
2277,"6/10/2010",22,1,3,06:54:00,07:06:00,"LC",-87.9284378003,34.6135027615,"JK"
2278,"6/10/2010",21,0,3,06:17:00,06:29:00,"LC",-87.9254805636,34.6132979252,"JK"
2283,"6/11/2010",21,0,1,06:35:00,06:47:00,"LC",-87.9937507192,34.6155846122,"CJ"
2289,"6/10/2010",20,0,3,05:53:00,06:05:00,"LC",-87.9760060205,34.6143643933,"CJ"
2302,"6/9/2010",25,0,2,07:14:00,07:26:00,"LC",-87.937561099,34.6117113347,"JK"
2324,"6/8/2010",24,0,1,09:32:00,09:44:00,"LC",-87.9498922363,34.6077179689,"JK"
2325,"6/8/2010",23,1,1,09:00:00,09:12:00,"LC",-87.9469351642,34.6075136744,"JK"
2354,"5/24/2010",26,1,0,09:14:00,09:26:00,"GU",-86.2050763548,34.4278104428,"CJ"
2355,"5/24/2010",25,1,0,08:46:00,08:58:00,"GU",-86.2053809737,34.4254085775,"CJ"
2360,"5/25/2010",21,1,1,09:02:00,09:14:00,"GU",-86.1647641372,34.4171197073,"CJ"
2369,"5/19/2010",20,1,0,09:53:00,10:05:00,"GU",-86.1777643668,34.4085096294,"CJ"
2373,"5/18/2010",18,0,1,06:02:00,06:14:00,"GU",-86.1960401707,34.4051992957,"CJ"
2376,"5/18/2010",18,0,1,05:38:00,05:50:00,"GU",-86.2022332994,34.4032945707,"CJ"
2383,"5/24/2010",21,1,0,07:43:00,07:55:00,"GU",-86.1816245141,34.401553138,"CJ"
2387,"5/18/2010",18,0,1,06:31:00,06:43:00,"GU",-86.1937057308,34.400146784,"CJ"
2400,"5/24/2010",20,1,0,06:40:00,06:52:00,"GU",-86.1822349795,34.3967493761,"CJ"
2404,"5/18/2010",19,0,2,07:15:00,07:27:00,"GU",-86.2002031764,34.3958402377,"CJ"
2405,"5/18/2010",19,0,2,06:51:00,07:03:00,"GU",-86.1972592971,34.3955916315,"CJ"
2409,"5/24/2010",19,1,0,06:07:00,06:19:00,"GU",-86.1854839687,34.3945964623,"CJ"
2428,"5/18/2010",20,0,2,07:36:00,07:48:00,"GU",-86.194925067,34.3905390877,"CJ"
2429,"5/18/2010",20,1,1,07:55:00,08:07:00,"GU",-86.1919814059,34.3902903467,"CJ"
2434,"5/19/2010",13,0,1,06:04:00,06:16:00,"GU",-86.2099479915,34.389379698,"CJ"
2435,"5/19/2010",15,1,1,06:33:00,06:45:00,"GU",-86.2070043263,34.3891313363,"CJ"
2441,"5/18/2010",19,2,1,08:25:00,08:37:00,"GU",-86.1893427309,34.3876396022,"CJ"
2453,"5/19/2010",18,1,0,08:11:00,08:23:00,"GU",-86.2164436329,34.3850721915,"CJ"
2455,"5/18/2010",24,1,1,09:27:00,09:39:00,"GU",-86.2105566066,34.3845757196,"CJ"
2456,"5/18/2010",23,1,1,09:01:00,09:13:00,"GU",-86.2076131218,34.3843273719,"CJ"
2458,"5/19/2010",18,1,0,08:59:00,09:11:00,"GU",-86.2017262086,34.383830453,"CJ"
2467,"5/20/2010",18,1,0,08:20:00,08:32:00,"GU",-86.2229385527,34.3807643011,"CJ"
2482,"5/20/2010",16,1,0,07:28:00,07:40:00,"GU",-86.2235462955,34.3759602064,"CJ"
2485,"5/20/2010",17,2,0,09:23:00,09:35:00,"GU",-86.2147167536,34.3752159174,"CJ"
2486,"5/20/2010",22,2,1,09:44:00,09:56:00,"GU",-86.2117736106,34.3749676721,"CJ"
2488,"5/20/2010",15,0,0,06:52:00,07:04:00,"GU",-86.2209070294,34.3733101329,"CJ"
2492,"5/21/2010",18,1,2,07:01:00,07:13:00,"GU",-86.2126861658,34.3677615573,"CJ"
2499,"6/2/2009",24,1,1,09:55:00,10:07:00,"CW",-85.8440392059,33.6411309752,"MC"
2502,"6/2/2009",24,1,1,08:48:00,09:00:00,"CW",-85.8501804463,33.6392431565,"MC"
2504,"6/2/2009",25,1,1,09:32:00,09:44:00,"CW",-85.8443518391,33.6387276881,"MC"
2506,"6/2/2009",22,1,0,07:10:00,07:22:00,"CW",-85.8563213909,33.6373550056,"KT"
2508,"6/2/2009",24,1,1,08:10:00,08:22:00,"CW",-85.8504928838,33.6368398465,"MC"
2512,"6/2/2009",21,1,0,06:48:00,07:00:00,"CW",-85.8682905233,33.6359810774,"DH"
2516,"6/2/2009",23,1,0,07:36:00,07:48:00,"CW",-85.8566336325,33.6349516728,"KT"
2519,"6/3/2009",20,0,0,07:30:00,07:42:00,"CW",-85.8478911655,33.6341788446,"MC"
2521,"6/2/2009",22,1,0,07:54:00,08:06:00,"CW",-85.8686023923,33.6335777077,"DH"
2522,"6/2/2009",24,1,0,09:03:00,09:15:00,"CW",-85.8656882293,33.6333204742,"DH"
2525,"6/2/2009",23,0,0,08:05:00,08:17:00,"CW",-85.856945855,33.6325483312,"KT"
2526,"6/2/2009",25,1,0,08:32:00,08:45:00,"CW",-85.8540317685,33.6322908027,"KT"
2532,"6/2/2009",24,1,0,08:30:00,08:42:00,"CW",-85.8689142423,33.6311743292,"DH"
2547,"6/2/2009",22,2,0,07:09:00,07:21:00,"CW",-85.8870216745,33.6279092704,"CJ"
2586,"6/2/2009",26,1,0,08:22:00,08:34:00,"CW",-85.8821279288,33.6201853327,"CJ"
2594,"6/2/2009",25,1,0,09:41:00,09:53:00,"CW",-85.891180289,33.6185520981,"CJ"
2606,"6/2/2009",26,1,0,09:07:00,09:19:00,"CW",-85.8885777968,33.6158919486,"CJ"
2610,"6/3/2009",21,1,1,06:32:00,06:44:00,"CW",-85.8918024659,33.6137451116,"CJ"
2614,"6/3/2009",22,0,0,07:12:00,07:24:00,"CW",-85.9125079545,33.6131360659,"KT"
2618,"6/3/2009",21,0,1,07:07:00,07:19:00,"CW",-85.8950269584,33.6115981781,"CJ"
2625,"6/3/2009",23,1,1,07:36:00,07:48:00,"CW",-85.8953379109,33.609194656,"CJ"
2628,"6/3/2009",27,0,1,08:15:00,08:27:00,"CW",-85.886597935,33.6084247372,"DH"
2632,"6/3/2009",20,0,0,07:13:00,07:25:00,"CW",-85.8927355882,33.6065345663,"DH"
2640,"6/3/2009",20,0,0,06:27:00,06:39:00,"CW",-85.9108363372,33.6032656543,"KT"
2643,"6/3/2009",19,0,1,06:05:00,06:17:00,"CW",-85.8962706539,33.601984037,"DH"
2654,"6/1/2009",22,1,0,07:19:00,07:31:00,"CH",-85.8045855156,33.4917555984,"CJ"
2657,"6/1/2009",22,1,0,07:51:00,08:03:00,"CH",-85.8078073824,33.4896107447,"CJ"
2666,"6/1/2009",19,1,0,05:57:00,06:09:00,"CH",-85.8055251965,33.4845445435,"CJ"
2667,"6/1/2009",19,1,0,06:30:00,06:42:00,"CH",-85.802616771,33.4842856616,"CJ"
2672,"6/1/2009",21,0,0,09:00:00,09:12:00,"CH",-85.8148764183,33.4805132902,"CJ"
2677,"6/1/2009",24,1,0,09:46:00,09:58:00,"CH",-85.8180975429,33.4783681144,"MC"
2682,"6/2/2009",22,0,0,08:06:00,08:18:00,"CH",-85.8035565433,33.4770745473,"MC"
2683,"6/1/2009",24,1,0,09:17:00,09:29:00,"CH",-85.8184103221,33.4759643565,"MC"
2687,"6/2/2009",23,1,0,06:48:00,07:00:00,"CH",-85.806777836,33.4749296783,"MC"
2688,"6/2/2009",25,0,0,07:30:00,07:42:00,"CH",-85.8038697624,33.4746708246,"MC"
2691,"6/1/2009",23,1,0,08:42:00,08:54:00,"CH",-85.8187230823,33.4735605896,"MC"
2696,"6/1/2009",24,0,0,08:46:00,08:58:00,"CH",-85.8041829623,33.4722670929,"DH"
2697,"6/1/2009",20,0,2,06:40:00,06:52:00,"CH",-85.8248518293,33.4716736828,"MC"
2697,"6/1/2009",20,0,2,06:40:00,06:52:00,"CH",-85.8248518293,33.4716736828,"MC"
2698,"6/1/2009",17,NA,NA,NA,NA,"CH",-85.8219438167,33.4714152851,"MC"
2698,"6/1/2009",17,0,0,05:55:00,06:07:00,"CH",-85.8219438167,33.4714152851,"MC"
2703,"6/1/2009",25,0,0,08:21:00,08:33:00,"CH",-85.8074040408,33.4701221918,"DH"
2704,"6/1/2009",20,1,0,06:12:00,06:24:00,"CH",-85.804496143,33.4698633522,"DH"
2707,"6/1/2009",25,1,0,08:31:00,08:43:00,"CH",-85.8106249433,33.467977194,"KT"
2709,"6/1/2009",18,0,0,07:05:00,07:17:00,"CH",-85.8048093046,33.4674596026,"DH"
2710,"6/1/2009",20,1,0,07:14:00,07:26:00,"CH",-85.8167534493,33.4660907041,"MC"
2714,"6/1/2009",19,0,0,07:35:00,07:47:00,"CH",-85.805122447,33.465055844,"DH"
2714,"6/1/2009",19,0,0,07:35:00,07:47:00,"CH",-85.805122447,33.465055844,"DH"
2719,"6/1/2009",21,0,0,06:12:00,06:24:00,"CH",-85.8025279555,33.4623931843,"KT"
2721,"6/1/2009",24,1,0,07:57:00,08:09:00,"CH",-85.8115637855,33.460765849,"KT"
2722,"6/1/2009",24,0,0,07:31:00,07:43:00,"CH",-85.8086562204,33.4605071112,"KT"
2723,"6/1/2009",20,0,0,07:00:00,07:12:00,"CH",-85.8057486744,33.4602482998,"KT"
2724,"6/1/2009",21,0,0,06:35:00,06:47:00,"CH",-85.8028411475,33.4599894147,"KT"
2733,"6/8/2009",23,1,0,07:02:00,07:14:00,"OM",-86.6907708888,33.3849363885,"KT"
2746,"6/8/2009",25,0,0,08:10:00,08:22:00,"OM",-86.6826203041,33.3794139584,"KT"
2778,"6/8/2009",20,0,0,05:40:00,05:52:00,"OM",-86.7078757039,33.3644600986,"KT"
2779,"6/8/2009",22,0,0,06:05:00,06:17:00,"OM",-86.7049688789,33.3642240112,"KT"
2807,"6/8/2009",30,0,0,09:44:00,09:56:00,"OM",-86.6941983934,33.3560596082,"KT"
2821,"6/9/2009",17,0,0,06:00:00,06:12:00,"OM",-86.7180204085,33.3531354229,"DH"
2834,"6/9/2009",18,0,0,06:44:00,06:56:00,"OM",-86.7153988321,33.3504930688,"DH"
2835,"6/9/2009",20,0,0,07:13:00,07:25:00,"OM",-86.7124925004,33.3502571672,"DH"
2852,"6/9/2009",24,1,0,08:56:00,09:08:00,"OM",-86.7040588053,33.3471425171,"CJ"
2872,"6/8/2009",24,0,1,09:49:00,10:01:00,"OM",-86.745314943,33.3456282272,"CJ"
2878,"6/9/2009",17,0,0,06:11:00,06:23:00,"OM",-86.7220654972,33.343744999,"CJ"
2896,"6/9/2009",22,0,0,08:14:00,08:26:00,"OM",-86.7107261589,33.3403950737,"CJ"
2928,"6/8/2009",17,0,1,05:25:00,05:37:00,"OM",-86.7493563891,33.3362367404,"CJ"
2944,"6/8/2009",17,0,1,05:45:00,05:57:00,"OM",-86.7554518322,33.3342999373,"CJ"
2946,"6/8/2009",24,1,1,08:58:00,09:10:00,"OM",-86.7496401425,33.3338300781,"CJ"
2950,"6/8/2009",26,0,1,09:15:00,09:27:00,"OM",-86.7380169713,33.3328894757,"MC"
2951,"6/8/2009",25,0,1,08:38:00,08:50:00,"OM",-86.7351112219,33.3326541409,"MC"
2958,"6/9/2009",24,0,0,07:33:00,07:45:00,"OM",-86.7147714631,33.3310047348,"KT"
2961,"6/8/2009",19,0,1,06:40:00,06:52:00,"OM",-86.7644527929,33.3325974705,"CJ"
2962,"6/8/2009",17,0,1,06:21:00,06:33:00,"OM",-86.7615469753,33.3323628051,"CJ"
2963,"6/8/2009",17,0,1,06:04:00,06:16:00,"OM",-86.7586411751,33.332128066,"CJ"
2970,"6/8/2009",22,0,1,08:06:00,08:18:00,"OM",-86.7383010593,33.3304828298,"MC"
2985,"6/8/2009",21,0,1,07:36:00,07:48:00,"OM",-86.7443963289,33.328546598,"MC"
2990,"6/8/2009",27,0,1,10:11:00,10:23:00,"OM",-86.7298684619,33.3273699879,"MC"
3005,"6/8/2009",21,0,2,07:08:00,07:20:00,"OM",-86.7446802062,33.3261399213,"MC"
3031,"6/8/2009",20,0,1,07:03:00,07:15:00,"OM",-86.7772078391,33.3239083906,"CJ"
3033,"6/8/2009",22,0,1,08:12:00,08:24:00,"OM",-86.7713967868,33.3234396263,"CJ"
3038,"6/9/2009",19,0,0,06:06:00,06:18:00,"OM",-86.756869459,33.3222664264,"MC"
3043,"6/9/2009",26,1,0,09:38:00,09:50:00,"OM",-86.7423425646,33.3210913851,"MC"
3047,"6/9/2009",21,1,0,06:34:00,06:46:00,"OM",-86.7307213615,33.3201500262,"KT"
3048,"6/8/2009",23,1,1,07:41:00,07:53:00,"OM",-86.7803961607,33.321735882,"CJ"
3049,"6/8/2009",21,0,1,07:20:00,07:32:00,"OM",-86.7774906966,33.3215016167,"CJ"
3061,"6/9/2009",26,0,0,09:10:00,09:22:00,"OM",-86.7426264778,33.3186846876,"MC"
3064,"6/9/2009",21,0,0,06:05:00,06:17:00,"OM",-86.7339108133,33.317978798,"KT"
3074,"6/9/2009",22,0,0,07:47:00,07:59:00,"OM",-86.7545311508,33.3172181104,"MC"
3077,"6/9/2009",24,0,0,08:36:00,08:48:00,"OM",-86.745815542,33.3165131238,"MC"
3106,"6/8/2009",21,0,0,07:07:00,07:19:00,"OM",-86.7611916436,33.3104674444,"DH"
3127,"6/8/2009",26,0,1,08:30:00,08:42:00,"OM",-86.7530438303,33.3049494239,"DH"
3134,"6/8/2009",26,0,1,09:05:00,09:17:00,"OM",-86.7533273582,33.3025426438,"DH"
3139,"6/8/2009",26,0,0,09:45:00,09:57:00,"OM",-86.7594200954,33.3006055355,"DH"
3144,"6/17/2009",25,0,0,07:41:00,07:53:00,"SI",-87.7664202021,33.2561307587,"KT"
3147,"6/17/2009",27,0,0,08:38:00,08:50:00,"SI",-87.7698306109,33.2515213272,"KT"
3150,"6/17/2009",31,1,0,09:08:00,09:20:00,"SI",-87.770082874,33.249111984,"KT"
3154,"6/17/2009",23,0,0,06:34:00,06:46:00,"SI",-87.7793036329,33.2449204262,"KT"
3161,"6/17/2009",22,0,0,05:52:00,06:04:00,"SI",-87.7737448936,33.2420930202,"KT"
3170,"6/17/2009",22,0,0,06:59:00,07:11:00,"SI",-87.7745011873,33.2348648381,"MC"
3170,"6/17/2009",22,0,0,06:59:00,07:11:00,"SI",-87.7745011873,33.2348648381,"MC"
3173,"6/17/2009",20,0,0,06:25:00,06:37:00,"SI",-87.7718482842,33.2322463286,"MC"
3173,"6/17/2009",20,0,0,06:33:00,06:45:00,"SI",-87.7718482842,33.2322463286,"MC"
3174,"6/17/2009",20,0,0,05:55:00,06:07:00,"SI",-87.7689433294,33.2320371576,"MC"
3175,"6/17/2009",20,0,0,05:31:00,05:43:00,"SI",-87.7660383901,33.2318279128,"MC"
3176,"6/17/2009",29,1,0,10:05:00,10:17:00,"SI",-87.7784140842,33.2254361416,"DH"
3179,"6/17/2009",30,1,0,10:20:00,10:32:00,"SI",-87.7789179035,33.2206172243,"DH"
3185,"6/17/2009",22,0,0,07:45:00,07:57:00,"SI",-87.7883864512,33.2140152732,"DH"
3191,"6/17/2009",23,0,0,07:15:00,07:27:00,"SI",-87.7857337885,33.2113970051,"DH"
3196,"6/17/2009",24,0,0,08:12:00,08:24:00,"SI",-87.7859854373,33.2089874852,"DH"
3199,"6/17/2009",29,1,0,09:49:00,10:01:00,"SI",-87.7920452112,33.2069953632,"CJ"
3210,"6/24/2009",26,0,0,07:21:00,07:33:00,"SI",-87.7954519968,33.202384837,"MC"
3211,"6/17/2009",20,0,0,05:55:00,06:07:00,"SI",-87.7925480796,33.2021762553,"CJ"
3212,"6/17/2009",29,1,0,09:12:00,09:24:00,"SI",-87.7896441778,33.2019675999,"CJ"
3233,"6/18/2009",22,0,0,07:10:00,07:22:00,"SI",-87.7872434505,33.1969397489,"DH"
3242,"6/17/2009",22,0,0,07:12:00,07:24:00,"SI",-87.7964571969,33.1927464893,"CJ"
3246,"6/17/2009",24,1,0,08:05:00,08:17:00,"SI",-87.7996119508,33.1905453595,"CJ"
3247,"6/17/2009",23,0,0,07:41:00,07:53:00,"SI",-87.7967084585,33.1903368796,"CJ"
3251,"6/18/2009",24,0,0,06:56:00,07:08:00,"SI",-87.8163855529,33.1698994515,"KT"
3257,"6/18/2009",22,0,0,06:52:00,07:04:00,"SI",-87.8197893139,33.1652879487,"CJ"
3265,"5/27/2009",21,0,2,06:50:00,07:02:00,"WC",-85.9312603547,32.8729981784,"DH"
3266,"5/26/2009",21,0,2,07:32:00,07:44:00,"WC",-85.9283739815,32.8727422457,"KT"
3267,"5/27/2009",22,0,2,07:21:00,07:33:00,"WC",-85.9344536114,32.8708478108,"DH"
3268,"5/27/2009",22,0,2,06:24:00,06:36:00,"WC",-85.9315673062,32.8705919582,"KT"
3269,"5/26/2009",21,0,2,07:09:00,07:21:00,"WC",-85.9286810197,32.8703360324,"DH"
3270,"5/26/2009",21,0,2,06:42:00,06:54:00,"WC",-85.9257947517,32.8700800334,"KT"
3271,"5/27/2009",21,0,2,07:45:00,07:57:00,"WC",-85.9347604576,32.868441574,"KT"
3272,"5/27/2009",22,0,2,06:00:00,06:12:00,"WC",-85.9318742391,32.8681857282,"DH"
3273,"5/27/2009",21,0,2,07:19:00,07:31:00,"WC",-85.9289880392,32.8679298092,"MC"
3274,"5/26/2009",20,0,2,06:12:00,06:24:00,"WC",-85.9261018579,32.867673817,"DH"
3275,"5/25/2009",24,1,2,09:45:00,09:57:00,"WC",-85.9379534357,32.8662910932,"KT"
3278,"5/27/2009",21,0,2,06:57:00,07:09:00,"WC",-85.9292950401,32.8655235762,"CJ"
3280,"5/25/2009",21,0,2,09:16:00,09:28:00,"WC",-85.9411462405,32.8641405157,"DH"
3282,"5/25/2009",24,0,2,10:14:00,10:24:00,"WC",-85.9353740942,32.8636290708,"MC"
3283,"5/27/2009",20,0,2,06:31:00,06:43:00,"WC",-85.9324880489,32.8633732386,"MC"
3285,"5/26/2009",21,0,2,07:11:00,07:23:00,"WC",-85.9267160144,32.8628613547,"MC"
3293,"6/10/2009",20,0,0,06:25:00,06:37:00,"CO",-86.3398966332,32.8963158366,"DH"
3297,"5/27/2009",20,0,2,06:06:00,06:18:00,"WC",-85.9356808845,32.8612228045,"CJ"
3298,"5/26/2009",20,0,2,05:43:00,05:55:00,"WC",-85.9327949259,32.8609669791,"MC"
3313,"6/10/2009",21,0,0,07:12:00,07:24:00,"CO",-86.3459681718,32.8943995425,"DH"
3314,"6/18/2009",25,0,0,08:35:00,08:47:00,"CO",-86.3430797058,32.8941541207,"MC"
3319,"5/26/2009",21,1,3,07:43:00,07:55:00,"WC",-85.9359876561,32.8588165283,"CJ"
3320,"5/26/2009",20,0,2,06:13:00,06:25:00,"WC",-85.9331017842,32.8585607097,"MC"
3321,"5/26/2009",20,0,2,06:36:00,06:48:00,"WC",-85.9302159309,32.8583048179,"CJ"
3327,"6/10/2009",19,0,1,06:32:00,06:44:00,"CO",-86.4040339375,32.8968852293,"CJ"
3332,"6/10/2009",24,0,1,07:33:00,07:45:00,"CO",-86.3895904354,32.8956647466,"MC"
3346,"6/10/2009",22,0,0,07:56:00,08:08:00,"CO",-86.3491510016,32.8922376507,"DH"
3358,"6/11/2009",25,1,1,08:50:00,09:02:00,"CO",-86.4216588829,32.8959399776,"CJ"
3363,"6/10/2009",21,0,1,07:50:00,08:02:00,"CO",-86.4072152816,32.8947217255,"CJ"
3367,"6/10/2009",27,1,1,09:29:00,09:41:00,"CO",-86.3956607207,32.8937458049,"MC"
3368,"6/10/2009",26,1,1,08:44:00,08:56:00,"CO",-86.392772125,32.8935016416,"MC"
3400,"6/16/2009",20,0,0,06:52:00,07:04:00,"CO",-86.4335058739,32.8945058117,"KT"
3405,"6/10/2009",32,1,1,09:36:00,09:48:00,"CO",-86.419062352,32.8932890575,"CJ"
3410,"6/10/2009",19,0,1,08:55:00,09:07:00,"CO",-86.4046192741,32.8920704715,"CJ"
3421,"6/10/2009",30,1,0,10:25:00,10:37:00,"CO",-86.3728460693,32.889383135,"DH"
3432,"5/25/2009",19,0,2,06:28:00,06:40:00,"WC",-85.9455648071,32.8523645959,"CJ"
3436,"6/15/2009",22,0,1,06:48:00,07:00:00,"CO",-86.4829074567,32.8962215056,"DH"
3439,"6/15/2009",20,0,1,06:37:00,06:49:00,"CO",-86.4742406483,32.8954954293,"MC"
3457,"6/11/2009",20,0,1,06:35:00,06:47:00,"CO",-86.4222431411,32.8911251224,"CJ"
3459,"6/11/2009",25,0,1,07:50:00,08:02:00,"CO",-86.4164659949,32.8906380673,"CJ"
3462,"6/10/2009",26,0,1,08:31:00,08:43:00,"CO",-86.4078004089,32.8899069352,"CJ"
3465,"6/11/2009",30,0,1,10:25:00,10:37:00,"CO",-86.3991349829,32.8891751437,"MC"
3466,"6/11/2009",24,0,1,06:57:00,07:09:00,"CO",-86.3962465432,32.8889310667,"MC"
3468,"6/11/2009",28,0,1,09:50:00,10:02:00,"CO",-86.3904697171,32.8884426929,"MC"
3485,"5/25/2009",19,0,2,07:06:00,07:18:00,"WC",-85.9458712444,32.8499582599,"DH"
3506,"6/15/2009",27,0,0,10:01:00,10:13:00,"CO",-86.4340894014,32.8896908851,"MC"
3520,"6/11/2009",27,1,1,09:18:00,09:30:00,"CO",-86.3936510926,32.8862795392,"MC"
3540,"5/25/2009",21,0,2,07:38:00,07:50:00,"WC",-85.9432921684,32.8472963488,"KT"
3541,"5/25/2009",20,0,3,08:11:00,08:23:00,"WC",-85.9404066924,32.8470407106,"MC"
3553,"6/15/2009",27,0,1,10:06:00,10:18:00,"CO",-86.4517123858,32.8887409778,"CJ"
3565,"6/11/2009",26,0,1,08:23:00,08:35:00,"CO",-86.4026088441,32.8846043442,"MC"
3566,"6/11/2009",26,0,1,07:48:00,08:00:00,"CO",-86.3997205603,32.8843603534,"MC"
3585,"6/11/2009",25,0,0,07:41:00,07:53:00,"CO",-86.344846556,32.8797106106,"KT"
3606,"6/15/2009",34,0,0,10:02:00,10:14:00,"CO",-86.4317844656,32.8846327412,"DH"
3627,"6/11/2009",25,0,0,07:10:00,07:22:00,"CO",-86.3509167021,32.8777940036,"KT"
3637,"6/15/2009",30,0,0,10:05:00,10:17:00,"CO",-86.4580716405,32.8844111598,"KT"
3664,"6/10/2009",29,0,0,09:27:00,09:39:00,"CO",-86.359874397,32.8761221442,"KT"
3688,"6/16/2009",20,0,0,07:00:00,07:12:00,"CO",-86.3977107877,32.8768940504,"MC"
3692,"6/10/2009",29,0,0,10:00:00,10:12:00,"CO",-86.3861589443,32.8759171399,"DH"
3699,"6/10/2009",30,0,0,08:41:00,08:53:00,"CO",-86.3659439045,32.8742047263,"KT"
3705,"6/11/2009",25,0,0,06:38:00,06:50:00,"CO",-86.3486174237,32.8727340867,"KT"
3707,"6/5/2009",24,0,1,08:42:00,08:54:00,"CO",-86.4673185264,32.8803233112,"MC"
3721,"6/11/2009",23,0,1,06:53:00,07:05:00,"CO",-86.3893399345,32.8737540643,"DH"
3727,"6/10/2009",27,0,0,08:09:00,08:21:00,"CO",-86.3720131181,32.8722869796,"KT"
3732,"6/11/2009",27,1,0,08:48:00,09:00:00,"CO",-86.3546869441,32.8708172581,"KT"
3736,"6/10/2009",29,1,1,10:07:00,10:19:00,"CO",-86.4676092192,32.8779157133,"CJ"
3738,"6/15/2009",23,0,0,08:05:00,08:17:00,"CO",-86.4618327579,32.8774309469,"DH"
3740,"6/15/2009",22,0,1,07:34:00,07:46:00,"CO",-86.4560563674,32.8769458873,"MC"
3746,"6/15/2009",22,0,2,07:14:00,07:26:00,"CO",-86.4387276206,32.8754889505,"KT"
3747,"6/16/2009",20,0,0,07:00:00,07:12:00,"CO",-86.4358395582,32.8752458713,"DH"
3748,"6/11/2009",27,0,1,07:41:00,07:53:00,"CO",-86.4329515134,32.8750027189,"DH"
3761,"6/15/2009",29,0,0,09:35:00,09:47:00,"CO",-86.4621236068,32.8750233522,"KT"
3762,"6/15/2009",23,0,1,09:03:00,09:15:00,"CO",-86.4592354896,32.8747808655,"CJ"
3770,"6/11/2009",32,1,0,10:22:00,10:34:00,"CO",-86.4361311889,32.8728383349,"KT"
3772,"6/15/2009",22,0,1,07:33:00,07:45:00,"CO",-86.4303552909,32.8723519696,"CJ"
3776,"6/10/2009",20,0,0,06:24:00,06:36:00,"CO",-86.3408379682,32.8647758424,"KT"
3780,"6/15/2009",24,0,0,09:03:00,09:15:00,"CO",-86.465302486,32.8728581547,"KT"
3805,"6/15/2009",20,0,1,06:20:00,06:32:00,"CO",-86.4312305979,32.8651293405,"CJ"
3808,"6/15/2009",21,0,2,06:31:00,06:43:00,"CO",-86.4344099242,32.8629649712,"KT"
3813,"5/21/2008",22,0,1,08:28:00,08:40:00,"BA",-85.4777513803,32.0473439041,"ES"
3816,"5/21/2008",21,1,1,08:05:00,08:17:00,"BA",-85.4723587058,32.0444000205,"ES"
3817,"5/21/2008",21,1,1,07:45:00,07:57:00,"BA",-85.4695036892,32.044132104,"ES"
3825,"5/21/2008",21,0,1,07:23:00,07:35:00,"BA",-85.4701389722,32.0393155762,"ES"
3842,"5/21/2008",21,0,1,06:50:00,07:02:00,"BA",-85.4679195201,32.0342310426,"ES"
3859,"5/29/2008",27,1,1,10:05:00,10:17:00,"BA",-85.4714093091,32.0296823872,"MG"
3882,"5/21/2008",20,0,1,05:51:00,06:03:00,"BA",-85.4606271975,32.0237935565,"ES"
3896,"5/21/2008",24,1,0,09:19:00,09:31:00,"BA",-85.449528513,32.0203119356,"ES"
3906,"5/22/2008",21,0,1,09:07:00,09:19:00,"BA",-85.4584087781,32.0187086963,"ES"
3907,"5/22/2008",24,2,1,08:42:00,08:54:00,"BA",-85.4555547228,32.0184404141,"ES"
3919,"5/22/2008",15,0,1,06:38:00,06:50:00,"BA",-85.4844132561,32.0187115779,"BH"
3920,"5/29/2008",24,0,1,08:10:00,08:22:00,"BA",-85.4815591138,32.0184439548,"MG"
3921,"5/21/2008",17,0,1,07:19:00,07:31:00,"BA",-85.4787049905,32.0181762592,"MG"
3932,"5/22/2008",18,0,1,07:42:00,07:54:00,"BA",-85.4473108937,32.0152268256,"ES"
3971,"5/29/2008",22,0,1,06:27:00,06:39:00,"BA",-85.4793395152,32.0133594589,"MG"
3983,"5/22/2008",18,0,1,06:53:00,07:05:00,"BA",-85.4450935556,32.0101416262,"ES"
3988,"5/22/2008",15,0,1,05:13:00,05:25:00,"BA",-85.4308252176,32.0087977835,"ES"
4000,"5/29/2008",21,0,0,06:03:00,06:14:00,"BA",-85.479656749,32.0109510421,"PA"
4001,"5/21/2008",20,0,0,05:45:00,05:57:00,"BA",-85.4768028988,32.0106832947,"BH"
4003,"5/22/2008",14,0,1,05:50:00,06:02:00,"BA",-85.4710952555,32.0101475827,"BH"
4015,"5/23/2008",22,0,1,08:34:00,08:46:00,"BA",-85.4197299026,32.0053131338,"CJ"
4016,"5/23/2008",22,1,2,08:58:00,09:10:00,"BA",-85.4168764536,32.0050438651,"CJ"
4027,"5/26/2008",16,0,0,06:04:00,06:15:00,"BA",-85.4885353748,32.0093454007,"PA"
4029,"5/21/2008",20,0,1,06:20:00,06:32:00,"BA",-85.4828277484,32.0088102821,"BH"
4032,"5/22/2008",14,0,1,05:24:00,05:36:00,"BA",-85.4742664516,32.0080070607,"BH"
4044,"5/23/2008",21,0,1,07:28:00,07:40:00,"BA",-85.4200488944,32.0029048511,"CJ"
4045,"5/23/2008",21,0,1,07:58:00,08:10:00,"BA",-85.41719553,32.0026355893,"CJ"
4048,"6/2/2008",23,0,0,05:42:00,05:54:00,"BA",-85.4086355518,32.0018273694,"MG"
4049,"5/29/2008",27,0,1,09:00:00,09:12:00,"BA",-85.508829016,32.0088075257,"PA"
4055,"5/26/2008",16,0,0,06:39:00,06:51:00,"BA",-85.4917060737,32.0072043846,"MG"
4057,"5/21/2008",20,0,1,07:00:00,07:12:00,"BA",-85.4859985785,32.0066694247,"BH"
4071,"5/22/2008",16,0,1,06:19:00,06:31:00,"BA",-85.4460482465,32.0029165909,"ES"
4076,"6/2/2008",22,0,0,06:07:00,06:19:00,"BA",-85.4089548629,31.9994191032,"MG"
4079,"5/21/2008",22,0,0,09:47:00,09:59:00,"BA",-85.503437792,32.0058649297,"BH"
4086,"5/21/2008",20,0,1,08:16:00,08:28:00,"BA",-85.4834619514,32.0039933788,"BH"
4106,"5/26/2008",18,0,1,08:57:00,09:09:00,"BA",-85.4980469637,32.0029220603,"MG"
4117,"5/29/2008",23,0,1,07:13:00,07:24:00,"BA",-85.4580979336,31.9991734767,"PA"
4132,"5/26/2008",23,0,1,08:33:00,08:44:00,"BA",-85.4983635945,32.0005135463,"PA"
4137,"5/21/2008",21,0,1,08:44:00,08:56:00,"BA",-85.472682408,31.9981054346,"MG"
4161,"5/26/2008",24,0,1,09:32:00,09:43:00,"BA",-85.4986802062,31.9981050212,"PA"
4166,"5/21/2008",19,0,1,08:17:00,08:29:00,"BA",-85.4729997814,31.9956969715,"MG"
4191,"5/21/2008",26,0,1,10:03:00,10:15:00,"BA",-85.496143427,31.9954292204,"MG"
4208,"5/28/2008",25,2,0,09:15:00,09:27:00,"BA",-85.4333740619,31.9895310763,"CJ"
4211,"5/28/2008",23,1,0,07:42:00,07:54:00,"BA",-85.424815319,31.9887240676,"CJ"
4222,"5/28/2008",27,0,0,09:14:00,09:25:00,"BA",-85.5135800949,31.9946231384,"PA"
4227,"5/28/2008",22,0,0,06:52:00,07:04:00,"BA",-85.4993133727,31.9932879374,"MG"
4228,"5/28/2008",24,0,0,07:27:00,07:38:00,"BA",-85.4964600853,31.9930206798,"PA"
4236,"5/27/2008",15,0,0,06:00:00,06:12:00,"BA",-85.4736344709,31.9908800117,"PA"
4246,"5/28/2008",26,1,0,10:16:00,10:28:00,"BA",-85.4422512426,31.9879290236,"CJ"
4248,"5/28/2008",24,1,0,08:36:00,08:48:00,"BA",-85.4365454493,31.9873915387,"CJ"
4269,"5/31/2008",25,0,0,08:12:00,08:24:00,"BA",-85.5196028791,31.992748105,"MG"
4270,"5/31/2008",24,0,0,07:40:00,07:52:00,"BA",-85.5167495433,31.9924813614,"MG"
4289,"5/19/2008",15,0,0,06:23:00,06:35:00,"BA",-85.4625397753,31.9873994701,"BH"
4290,"5/19/2008",16,0,0,06:52:00,07:04:00,"BA",-85.45968682,31.9871312778,"BH"
4291,"5/19/2008",16,0,0,07:29:00,07:41:00,"BA",-85.4568338838,31.9868630131,"BH"
4301,"5/28/2008",23,1,0,08:08:00,08:20:00,"BA",-85.4283055723,31.984176382,"CJ"
4314,"5/30/2008",24,1,0,09:02:00,09:14:00,"BA",-85.3912216281,31.9806729343,"CJ"
4326,"5/28/2008",26,0,0,08:16:00,08:28:00,"BA",-85.497093345,31.9882035651,"MG"
4333,"5/28/2008",18,1,1,06:00:00,06:12:00,"BA",-85.4771220501,31.9863308305,"PA"
4339,"5/19/2008",18,0,0,08:05:00,08:17:00,"BA",-85.4600045401,31.9847228045,"BH"
4343,"5/28/2008",20,0,0,05:24:00,05:36:00,"BA",-85.4485932481,31.9836493385,"MG"
4349,"5/28/2008",20,1,0,06:59:00,07:11:00,"BA",-85.4314768832,31.9820369669,"CJ"
4369,"5/28/2008",31,2,0,09:58:00,10:10:00,"BA",-85.5145284329,31.9873973258,"MG"
4386,"5/27/2008",20,0,0,06:50:00,07:02:00,"BA",-85.4660278323,31.9828506045,"MG"
4387,"5/19/2008",20,0,0,08:38:00,08:50:00,"BA",-85.4631750271,31.9825824985,"BH"
4393,"5/19/2008",23,0,0,10:05:00,10:17:00,"BA",-85.4460585967,31.980972341,"BH"
4409,"5/30/2008",20,0,0,07:17:00,07:29:00,"BA",-85.3861565116,31.9753162585,"CJ"
4425,"5/27/2008",20,0,0,07:52:00,08:04:00,"BA",-85.4806092339,31.9817815045,"MG"
4429,"5/27/2008",18.5,0,0,07:19:00,07:30:00,"BA",-85.4691980847,31.9807101218,"PA"
4476,"5/27/2008",28,0,0,09:40:00,09:52:00,"BA",-85.4609575858,31.9774973173,"MG"
4484,"5/28/2008",20,1,0,05:57:00,06:09:00,"BA",-85.438137337,31.9753493925,"CJ"
4485,"5/28/2008",21,1,0,06:25:00,06:37:00,"BA",-85.4352848918,31.975080576,"CJ"
4499,"5/27/2008",25,0,0,08:29:00,08:40:00,"BA",-85.4898014108,31.9777671181,"PA"
4506,"5/30/2008",27,0,0,10:19:00,10:31:00,"BA",-85.4698328839,31.9758930553,"MG"
4538,"5/30/2008",20,0,0,06:42:00,06:53:00,"BA",-85.475855284,31.9740203001,"PA"
4539,"5/30/2008",21,0,0,07:32:00,07:44:00,"BA",-85.4730027599,31.9737524389,"MG"
4548,"5/28/2008",19,2,0,05:25:00,05:37:00,"BA",-85.4473309011,31.9713384291,"CJ"
4554,"5/31/2008",26,0,0,08:55:00,09:07:00,"BA",-85.5218140849,31.9758875444,"MG"
4556,"5/31/2008",24,0,0,06:32:00,06:44:00,"BA",-85.5161086167,31.975354081,"MG"
4557,"5/21/2008",23,0,0,05:58:00,06:10:00,"BA",-85.5132559111,31.9750872407,"MG"
4559,"5/31/2008",24,0,0,05:27:00,05:39:00,"BA",-85.5075505568,31.9745533427,"MG"
4569,"5/30/2008",26,0,0,09:39:00,09:50:00,"BA",-85.4790249253,31.971879507,"PA"
4577,"5/29/2008",19,0,1,05:23:00,05:35:00,"BA",-85.4562057904,31.9697352241,"CJ"
4595,"5/30/2008",18,0,0,05:32:00,05:43:00,"BA",-85.4764896306,31.9692031389,"PA"
4614,"5/30/2008",19,0,0,05:55:00,06:07:00,"BA",-85.4768067754,31.9667945414,"MG"
4615,"5/30/2008",23,0,0,08:07:00,08:18:00,"BA",-85.473954505,31.9665267009,"PA"
4626,"5/30/2008",21,0,0,07:56:00,08:08:00,"BA",-85.3883952698,31.9584578134,"CJ"
4635,"5/28/2008",21,0,1,06:04:00,06:16:00,"BA",-85.4514549143,31.9619728231,"CJ"
4638,"5/28/2008",26,2,1,10:20:00,10:32:00,"BA",-85.4371950337,31.9606296721,"CJ"
4641,"5/30/2008",19,0,1,06:15:00,06:27:00,"BA",-85.4200838074,31.9590155016,"CJ"
4665,"5/30/2008",26,0,0,08:50:00,09:02:00,"BA",-85.4777580954,31.9595686818,"MG"
4673,"5/28/2008",21,1,1,06:51:00,07:03:00,"BA",-85.4349798449,31.9555437808,"CJ"
4684,"5/28/2008",22,1,1,07:26:00,07:34:00,"BA",-85.4352981813,31.953135242,"CJ"
4685,"5/28/2008",23,1,1,08:28:00,08:40:00,"BA",-85.4181885909,31.9515207615,"CJ"
4687,"6/2/2008",24,0,0,07:44:00,07:56:00,"BA",-85.392525497,31.9490941541,"MG"
4694,"5/30/2008",18,0,1,05:22:00,05:34:00,"BA",-85.4615989506,31.9507348398,"CJ"
4713,"6/2/2008",20,0,1,06:26:00,06:37:00,"BA",-85.3820798859,31.9407884906,"PA"
4720,"6/2/2008",23,0,0,08:19:00,08:30:00,"BA",-85.402356899,31.9402697393,"PA"
4727,"6/2/2008",20,0,0,05:55:00,06:07:00,"BA",-85.3823997508,31.9383800384,"ET"
4727,"6/2/2008",20,0,1,05:53:00,06:04:00,"BA",-85.3823997508,31.9383800384,"ET"
4733,"6/2/2008",22,0,0,07:35:00,07:46:00,"BA",-85.3998251593,31.9375914941,"PA"
4762,"6/9/2008",23,0,0,06:22:00,06:34:00,"SS",-87.8727343722,31.4041206073,"MG"
4763,"6/9/2008",24,0,0,06:45:00,06:57:00,"SS",-87.86989491,31.4039133546,"MG"
4772,"6/9/2008",22,0,0,05:54:00,06:06:00,"SS",-87.8758171835,31.4019106771,"MG"
4778,"6/9/2008",31,0,0,09:25:00,09:37:00,"SS",-87.8587810466,31.4006665421,"MG"
4787,"6/9/2008",27,0,0,07:11:00,07:23:00,"SS",-87.8703819014,31.3990791429,"MG"
4790,"6/9/2008",27,0,0,08:54:00,09:06:00,"SS",-87.8618641074,31.3984569827,"MG"
4808,"6/9/2008",24,0,0,06:43:00,06:54:00,"SS",-87.8507513159,31.3952093368,"PA"
4812,"6/3/2008",26,0,0,07:52:00,08:03:00,"SS",-87.8793862542,31.3948663625,"PA"
4813,"6/3/2008",29,0,0,08:45:00,08:56:00,"SS",-87.8765470998,31.3946592754,"PA"
4818,"6/9/2008",29,0,0,08:08:00,08:20:00,"SS",-87.8623515457,31.3936227555,"MG"
4826,"6/3/2008",25,0,0,07:26:00,07:37:00,"SS",-87.8796294464,31.3924491999,"PA"
4835,"6/9/2008",24.5,0,0,07:27:00,07:38:00,"SS",-87.8540783378,31.3905828606,"PA"
4850,"6/9/2008",21,0,0,06:39:00,06:51:00,"SS",-87.8744379979,31.3872006245,"ET"
4857,"6/3/2008",22,0,0,06:20:00,06:31:00,"SS",-87.8803589357,31.3851976418,"PA"
4861,"6/9/2008",23,0,0,05:34:00,05:45:00,"SS",-87.8690037521,31.3843689433,"PA"
4906,"6/9/2008",23,0,0,07:45:00,07:57:00,"SS",-87.8841698803,31.3757357063,"ET"
4918,"6/9/2008",29,0,0,08:34:00,08:46:00,"SS",-87.8900897384,31.3737321633,"ET"
4947,"6/9/2008",21,0,0,05:41:00,05:53:00,"SS",-87.8820605691,31.3682769284,"ET"
4965,"6/3/2008",25,0,0,07:33:00,07:45:00,"SS",-87.8652749529,31.364616406,"ET"
4990,"6/3/2008",24,0,4,05:37:00,05:49:00,"SS",-87.8657619837,31.3597818498,"ET"
4991,"6/3/2008",24,0,0,07:00:00,07:11:00,"SS",-87.8629240947,31.3595744022,"MG"
4997,"6/3/2008",20,0,0,06:00:00,06:12:00,"SS",-87.8660054773,31.357364554,"MG"
5004,"6/3/2008",21.5,0,0,06:31:00,06:43:00,"SS",-87.8605735294,31.3545322999,"ET"
5031,"6/19/2008",16,0,0,06:53:00,07:05:00,"PE",-87.625662071,30.8350915793,"CJ"
5033,"6/19/2008",18,0,0,07:26:00,07:38:00,"PE",-87.6200240823,30.8346639541,"CJ"
5048,"6/19/2008",20,1,0,09:05:00,09:17:00,"PE",-87.6071773702,30.8214972668,"CJ"
5050,"6/19/2008",21,0,1,08:28:00,08:40:00,"PE",-87.6102453414,30.8192921318,"PA"
5054,"6/19/2008",16,0,0,06:50:00,07:02:00,"PE",-87.6133131467,30.8170869018,"PA"
5055,"6/19/2008",19.5,0,1,07:40:00,07:52:00,"PE",-87.6104947995,30.8168728029,"PA"
5073,"6/18/2008",21,0,1,06:45:00,06:57:00,"PE",-87.5969029864,30.8109625878,"CJ"
5075,"6/18/2008",20,0,1,05:50:00,06:02:00,"PE",-87.5912668161,30.8105334772,"CJ"
5076,"6/18/2008",20,0,1,06:15:00,06:27:00,"PE",-87.5884487532,30.8103188142,"CJ"
5077,"6/18/2008",27,2,1,09:03:00,09:15:00,"PE",-87.5886988302,30.8078994898,"PA"
5078,"6/18/2008",29.5,2,0,09:49:00,10:01:00,"PE",-87.5889488923,30.8054801529,"PA"
5079,"6/18/2008",31,1,0,09:54:00,10:06:00,"PE",-87.5891989396,30.8030608034,"CJ"
5080,"6/18/2008",30,1,0,10:19:00,10:31:00,"PE",-87.5863811403,30.8028460844,"CJ"
5091,"6/19/2008",15,0,0,06:50:00,07:02:00,"PE",-87.5597094052,30.786178932,"MG"
5095,"6/18/2008",24,0,0,08:57:00,09:09:00,"PE",-87.5599602601,30.7837595526,"ET"
5100,"6/17/2008",24,0,0,07:54:00,08:06:00,"PE",-87.5573941271,30.7811246939,"CJ"
5110,"6/17/2008",30,1,0,08:53:00,09:05:00,"PE",-87.5607127357,30.7765013384,"CJ"
5113,"6/18/2008",15.5,0,0,07:03:00,07:15:00,"PE",-87.5522623581,30.7758547551,"ET"
5138,"6/17/2008",27,1,0,10:21:00,10:33:00,"PE",-87.5422521233,30.7628945482,"ET"
5141,"6/18/2008",22.5,0,0,07:22:00,07:34:00,"PE",-87.5481358815,30.7609067302,"ET"
5146,"6/16/2008",27,1,2,08:41:00,08:53:00,"PE",-87.5455708484,30.758271473,"ET"
5149,"6/18/2008",25,2,2,07:56:00,08:08:00,"PE",-87.5458220365,30.7558519863,"ET"
5153,"6/17/2008",27.5,0,0,08:48:00,09:00:00,"PE",-87.5460732098,30.7534324869,"ET"
5154,"6/17/2008",34,1,0,09:24:00,09:36:00,"PE",-87.5432572369,30.753216648,"ET"
5157,"6/17/2008",25.5,0,0,08:09:00,08:21:00,"PE",-87.5463243682,30.7510129749,"ET"
5158,"6/17/2008",22.5,0,0,07:30:00,07:42:00,"PE",-87.543508478,30.7507971412,"ET"
5185,"6/17/2008",20,0,0,06:21:00,06:33:00,"PE",-87.5250565431,30.7371867581,"ET"
5202,"6/16/2008",17.5,0,0,05:27:00,05:39:00,"PE",-87.5181221679,30.7220200304,"ET"
5212,"6/12/2008",26,0,0,09:01:00,09:13:00,"PE",-87.4986712378,30.7180830024,"CJ"
5215,"6/16/2008",24,0,0,08:18:00,08:30:00,"PE",-87.5326994093,30.7182624993,"ET"
5239,"6/16/2008",19,0,0,05:45:00,05:57:00,"PE",-87.4994285538,30.7108242202,"CJ"
5251,"6/12/2008",26,0,0,08:21:00,08:33:00,"PE",-87.4968666645,30.7081875604,"CJ"
5262,"6/16/2008",19,0,0,06:21:00,06:33:00,"PE",-87.5027475866,30.7062019316,"CJ"
5277,"6/12/2008",25,0,0,07:57:00,08:09:00,"PE",-87.4973716025,30.7033482937,"CJ"
5278,"6/12/2008",33,1,1,09:57:00,10:09:00,"PE",-87.4945574847,30.7031311924,"CJ"
5279,"6/12/2008",29,1,1,09:35:00,09:47:00,"PE",-87.4917433819,30.7029140193,"CJ"
5292,"6/12/2008",22,0,0,07:35:00,07:47:00,"PE",-87.4948100139,30.7007115453,"CJ"
5296,"6/16/2008",23,0,0,07:05:00,07:17:00,"PE",-87.4835540231,30.6998424437,"CJ"
5306,"6/17/2008",19,0,0,05:50:00,06:02:00,"PE",-87.5035044304,30.6989429422,"CJ"
5358,"6/16/2008",22,1,0,07:47:00,07:59:00,"PE",-87.4814988005,30.6923660512,"CJ"
5371,"6/16/2008",18,0,0,05:25:00,05:37:00,"PE",-87.4449219044,30.6895328198,"MG"
5373,"6/12/2008",27.5,0,0,09:19:00,09:31:00,"PE",-87.5042611397,30.6916838381,"ET"
5374,"6/12/2008",25.5,0,0,08:51:00,09:03:00,"PE",-87.5014474053,30.6914669069,"ET"
5376,"6/12/2008",27,1,0,08:22:00,08:34:00,"PE",-87.4958199813,30.6910328292,"ET"
5387,"6/16/2008",27,1,0,09:02:00,09:14:00,"PE",-87.4648702194,30.6886402731,"CJ"
5401,"6/12/2008",18,0,0,06:42:00,06:54:00,"PE",-87.4932588289,30.6883959772,"ET"
5402,"6/12/2008",23,0,0,07:45:00,07:57:00,"PE",-87.4904452369,30.6881787644,"ET"
5417,"6/12/2008",20,0,0,07:52:00,08:04:00,"PE",-87.4482431548,30.6849119639,"MG"
5427,"6/12/2008",17,0,0,05:37:00,05:49:00,"PE",-87.4878843473,30.6855417722,"ET"
5436,"6/12/2008",15,0,0,06:08:00,06:20:00,"PE",-87.4513102833,30.6827106146,"MG"
5445,"6/16/2008",18,0,1,06:40:00,06:52:00,"PE",-87.4259912642,30.6807434812,"MG"
5463,"6/16/2008",22,0,0,07:40:00,07:52:00,"PE",-87.4346850438,30.6789802192,"MG"
5465,"6/16/2008",20,0,1,07:10:00,07:22:00,"PE",-87.4290588355,30.6785427305,"MG"
5483,"6/12/2008",22,0,0,09:54:00,10:06:00,"PE",-87.4377523149,30.676779219,"MG"
5488,"6/16/2008",27,0,0,09:47:00,09:59:00,"PE",-87.4236872448,30.675685345,"MG"
5491,"6/17/2008",32,0,0,09:03:00,09:15:00,"PE",-87.4152483835,30.6750281599,"MG"
5509,"6/16/2008",25,0,0,09:01:00,09:13:00,"PE",-87.4295676047,30.6737034762,"MG"
5523,"6/12/2008",22,0,0,06:29:00,06:41:00,"PE",-87.4607641312,30.6736862899,"PA"
5524,"6/12/2008",24,0,0,07:37:00,07:49:00,"PE",-87.457951132,30.6734682431,"PA"
5529,"6/12/2008",26,0,0,08:30:00,08:42:00,"PE",-87.4438863614,30.6723769329,"PA"
5537,"6/18/2008",24,1,0,09:45:00,09:57:00,"PE",-87.4101324465,30.6697504733,"MG"
5546,"6/16/2008",20,0,0,06:54:00,07:06:00,"PE",-87.4441402955,30.6699572469,"PA"
5555,"6/17/2008",22,0,0,08:10:00,08:22:00,"PE",-87.4103873714,30.6673308517,"MG"
5557,"6/25/2008",20,0,0,05:32:00,05:44:00,"PE",-87.4697095853,30.6695005189,"PA"
5561,"6/12/2008",31,0,0,09:55:00,10:07:00,"PE",-87.4415814706,30.6673190816,"PA"
5573,"6/16/2008",21,0,0,05:52:00,06:04:00,"PE",-87.4474607948,30.6653362259,"PA"
5580,"6/16/2008",29,0,0,09:28:00,09:40:00,"PE",-87.4277723762,30.6638059942,"PA"
5596,"6/16/2008",26,0,0,08:12:00,08:24:00,"PE",-87.4308392641,30.6616051162,"PA"
5597,"6/16/2008",27,0,0,08:57:00,09:09:00,"PE",-87.4280267605,30.6613863019,"PA"
5599,"6/17/2008",24,0,0,07:03:00,07:15:00,"PE",-87.4139644688,30.6602911548,"MG"
5629,"6/17/2008",22,0,0,06:21:00,06:33:00,"PE",-87.4116617697,30.6552325518,"MG"
5665,"6/17/2008",20,0,0,05:46:00,05:58:00,"PE",-87.4009232423,30.6495155329,"MG"
5700,"6/18/2008",25,0,1,08:53:00,09:05:00,"PE",-87.4073121652,30.6426953022,"MG"
5701,"6/18/2008",23,0,1,08:15:00,08:27:00,"PE",-87.404500375,30.6424758802,"MG"
5705,"6/19/2008",21,0,0,07:00:00,07:12:00,"PE",-87.4160023027,30.64093337,"PA"
5722,"6/18/2008",27,0,1,09:42:00,09:54:00,"PE",-87.396575588,30.6369777105,"MG"
5746,"6/19/2008",31,0,0,10:08:00,10:20:00,"PE",-87.4310781984,30.6323489943,"PA"
5754,"6/18/2008",19,0,0,06:09:00,06:21:00,"PE",-87.4341438178,30.6301478798,"MG"
5771,"6/18/2008",26,0,0,10:56:00,11:08:00,"PE",-87.4006627237,30.6250984009,"MG"
5811,"6/23/2008",19.5,0,1,06:16:00,06:28:00,"GS",-87.5840667677,30.2756799745,"ET"
5824,"6/23/2008",25,0,3,07:18:00,07:30:00,"GS",-87.6573569913,30.2764028285,"PA"
5825,"6/23/2008",23,0,3,06:34:00,06:46:00,"GS",-87.6545570754,30.2761896073,"PA"
5826,"6/23/2008",24,0,3,06:54:00,07:06:00,"GS",-87.651757174,30.2759763146,"PA"
5837,"6/23/2008",36,1,1,10:22:00,10:34:00,"GS",-87.6013614384,30.2721248273,"CJ"
5847,"6/23/2008",30,1,1,08:50:00,09:02:00,"GS",-87.6128078139,30.2705605816,"ET"
5848,"6/23/2008",31,1,0,09:31:00,09:43:00,"GS",-87.6100082128,30.2703462222,"ET"
5858,"6/23/2008",22,0,3,06:00:00,06:12:00,"GS",-87.6578498206,30.2715583846,"PA"
5873,"6/23/2008",22,0,3,05:30:00,05:42:00,"GS",-87.6636955978,30.2695623397,"PA"
5876,"6/23/2008",30,0,3,08:50:00,09:02:00,"GS",-87.6356992574,30.2674284961,"PA"
5879,"6/23/2008",22,0,0,06:08:00,06:20:00,"GS",-87.6751404277,30.2679915902,"MG"
5881,"6/24/2008",20,0,0,05:32:00,05:44:00,"GS",-87.6695410911,30.2675659751,"MG"
5883,"6/23/2008",29,1,1,08:02:00,08:14:00,"GS",-87.6499438699,30.2660740714,"CJ"
5887,"6/23/2008",23.5,0,1,07:07:00,07:19:00,"GS",-87.6247484889,30.2641507646,"ET"
5888,"6/23/2008",25,0,0,09:35:00,09:47:00,"GS",-87.6809855315,30.2659946096,"MG"
5905,"6/23/2008",31,1,1,08:32:00,08:44:00,"GS",-87.6478843548,30.2585938724,"CJ"
5906,"6/23/2008",26.5,1,0,07:48:00,08:00:00,"GS",-87.6394865436,30.2579532453,"ET"
5907,"6/23/2008",24,0,1,07:30:00,07:42:00,"GS",-87.6817225721,30.2587276002,"MG"
5908,"6/23/2008",25,0,1,07:00:00,07:12:00,"GS",-87.6789231949,30.2585149919,"MG"
5914,"6/23/2008",26,0,0,08:00:00,08:12:00,"GS",-87.6735703807,30.2556672131,"MG"
5918,"6/23/2008",27,0,0,08:50:00,09:02:00,"GS",-87.6710170928,30.2530320395,"MG"
5919,"6/23/2008",26,0,0,08:27:00,08:39:00,"GS",-87.6682179372,30.2528191557,"MG"
5920,"6/23/2008",26,1,1,07:10:00,07:22:00,"GS",-87.6570214597,30.2519669058,"CJ"
5921,"6/23/2008",24,1,1,06:44:00,06:56:00,"GS",-87.6542223766,30.2517536647,"CJ"
5922,"6/23/2008",23,1,1,05:32:00,05:44:00,"GS",-87.6712630424,30.2506096702,"CJ"
5923,"6/23/2008",23,0,1,05:51:00,06:03:00,"GS",-87.6684639686,30.2503967915,"CJ"
5924,"6/23/2008",23,1,1,06:15:00,06:27:00,"GS",-87.6656649093,30.2501838413,"CJ"
