WMA Abbreviation,Point ID,First Date Sampled,Last Date Sampled,cnpy_hgt,age,slp,baf,sd,elevation
BA,3817,10/18/2008,10/21/2008,62,38,3,6.41580064,0,112.724
BA,3842,10/18/2008,10/21/2008,129,62,4,105.530809,40,106.164
BA,3864,9/21/2008,9/24/2008,,,,,,
BA,4071,9/18/2008,9/21/2008,79,45.5,16,10.57570272,0,119.545
BA,4161,10/6/2008,10/9/2008,37,14,8,9.21210944,40,126.776
BA,4208,9/28/2008,10/1/2008,85,75,10,47.68491984,160,98.7543
BA,4246,9/29/2008,10/2/2008,59,33,13,34.71193216,0,94.8697
BA,4301,9/27/2008,9/30/2008,58,62.5,0,3.48124736,40,110.715
BA,4314,9/27/2008,9/30/2008,109,63.5,7,66.97316672,200,98.1935
BA,4343,9/26/2008,9/29/2008,97,52.5,4,100.4943112,40,97.3761
BA,4349,9/29/2008,10/2/2008,56,54.5,12,8.55544816,80,110.659
BA,4393,9/26/2008,9/29/2008,55,24,2,5.54234688,0,110.416
BA,4425,10/4/2008,10/7/2008,52,56,1,16.4322416,0,124.185
BA,4499,10/7/2008,10/10/2008,53,50.5,7,21.47816512,40,123.428
BA,4506,10/5/2008,10/8/2008,72,67.5,0,67.34391328,80,104.875
BA,4539,10/7/2008,10/10/2008,104,74.5,6,36.9803984,160,115.55
BA,4554,10/5/2008,10/7/2008,65,64,16,9.35663776,280,147.03
BA,4557,10/4/2008,10/7/2008,67,102,5,44.41418112,40,149.23
BA,4577,9/26/2008,9/29/2008,69,72,6,4.0687864,520,117.878
BA,4595,10/4/2008,10/7/2008,72,55.5,5,17.044916,120,121.386
BA,4615,10/5/2008,10/8/2008,80,69,5,23.84403088,40,116.412
BA,4641,10/7/2008,10/10/2008,92,30.5,2,13.30288928,760,133.294
BA,4665,10/6/2008,10/9/2008,39,21,7,12.00841824,40,129.909
BA,4685,9/28/2008,10/1/2008,48,26.5,2,8.79423408,0,126.165
BA,4694,9/29/2008,10/2/2008,120,71,10,49.47267232,120,144.31
BA,4727,9/27/2008,9/30/2008,42,18.5,10,1.8223136,0,118.737
BA,4733,9/27/2008,9/30/2008,73,28,2,11.32033776,160,128.621
CH,2654,11/5/2009,11/8/2009,60,78,24,58.47427312,200,615.103
CH,2657,11/5/2009,11/8/2009,58,68.5,10,21.16711504,0,680.74
CH,2666,11/4/2009,11/7/2009,56,70.1,9,28.06048752,40,675.41614
CH,2667,11/4/2009,11/7/2009,43,94.5,20,23.1088216,120,604.62653
CH,2672,11/7/2009,11/10/2009,35,39.5,37,7.51233072,0,557.57788
CH,2677,10/26/2009,10/29/2009,59,66,17,48.69033424,160,448.447
CH,2682,10/26/2009,10/29/2009,107,66,22,36.17606688,160,508.462
CH,2683,10/26/2009,10/29/2009,65,71,4,38.16490224,80,413.748
CH,2687,10/26/2009,10/29/2009,45,68.5,21,24.32474464,240,599.408
CH,2688,10/26/2009,10/29/2009,63,84.5,21,40.47107152,120,535.627
CH,2691,10/26/2009,10/29/2009,72,71,10,42.20541136,320,413.308
CH,2696,10/29/2009,11/1/2009,30,16,2,1.13423312,0,597.804
CH,2697,10/27/2009,10/30/2009,56,72,8,39.12632976,240,382.526
CH,2698,10/27/2009,10/30/2009,73,77,0,32.36805984,80,390.476
CH,2703,10/27/2009,10/30/2009,70,58.5,16,37.64648544,240,581.472
CH,2704,10/28/2009,10/31/2009,56,73,14,20.2810936,160,590.644
CH,2707,10/29/2009,11/1/2009,41,85.5,6,7.92078032,200,640.392
CH,2709,10/28/2009,10/31/2009,72,45,0,18.99604832,40,556.871
CH,2710,11/7/2009,11/10/2009,59,69.5,21,37.05580448,200,441.178
CH,2714,10/29/2009,11/1/2009,82,88.5,18,45.57669152,80,548.46
CH,2719,10/26/2009,10/29/2009,49,82,9,36.51225232,120,572.678
CH,2721,11/4/2009,11/7/2009,55,86,7,30.24412192,120,674.704
CH,2722,10/27/2009,10/30/2009,56,52.5,20,25.33015904,120,607.072
CH,2723,10/27/2009,10/30/2009,78,92.5,21,31.15842064,80,517.311
CH,2724,10/26/2009,10/29/2009,56,78,12,16.337984,360,557.344
CW,2499,11/4/2009,11/7/2009,63,63,5,25.54695152,0,281.792
CW,2502,11/6/2009,11/9/2009,45,72,13,31.14271104,0,412.363
CW,2504,11/4/2009,11/7/2009,55,81,8,31.58257984,0,314.051
CW,2506,11/4/2009,11/7/2009,82,85.5,21,15.29486656,120,339.355
CW,2508,11/7/2009,11/10/2009,39,73,26,8.17527584,40,379.847
CW,2512,11/5/2009,11/8/2009,58,44,24,0,0,325.804
CW,2516,11/5/2009,11/8/2009,59,61,8,12.64936992,40,390.104
CW,2519,11/9/2009,11/12/2009,74,55,10,26.235032,80,277.645
CW,2521,11/6/2009,11/9/2009,65,51,18,28.40609872,40,380.863
CW,2522,11/7/2009,11/11/2009,66,73.5,19,24.90599984,160,394.777
CW,2525,11/5/2009,11/8/2009,62,90,13,1.80974592,80,333.658
CW,2526,11/5/2009,11/8/2009,77,60,15,46.44386144,200,314.363
CW,2532,11/6/2009,11/9/2009,59,60,10,52.13387856,320,447.693
CW,2547,11/4/2009,11/7/2009,45,70,15,9.81535808,40,484.691
CW,2586,11/12/2009,11/15/2009,65,84.5,33,18.93635184,40,413.728
CW,2594,11/12/2009,11/15/2009,46,69,15,6.58860624,160,439.137
CW,2606,11/12/2009,11/15/2009,53,73,5,26.70632,80,477.932
CW,2610,11/12/2009,11/15/2009,55,60,0,19.87892784,40,489.929
CW,2614,11/12/2009,11/15/2009,79,93.5,8,16.02693392,160,254.58
CW,2618,11/12/2009,11/15/2009,57,77,10,13.69562928,160,417.916
CW,2625,11/12/2009,11/15/2009,45,75,22,7.22327408,120,400.095
CW,2628,11/12/2009,11/15/2009,48,79.5,26,12.94785232,0,368.908
CW,2632,11/12/2009,11/15/2009,52,49.5,23,3.60064032,0,382.807
CW,2640,11/12/2009,11/15/2009,45,21.5,3,3.01938512,0,230.354
CW,2643,11/12/2009,11/15/2009,58,61.5,7,11.25121552,80,271.161
CO,3293,9/17/2009,9/20/2009,46,14,18,9.7242424,40,195.28612
CO,3313,9/17/2009,9/20/2009,72,0,23,21.50330048,160,221.246
CO,3327,9/8/2009,9/11/2009,40,15,10,3.54722768,40,126.457
CO,3332,9/10/2009,9/13/2009,37,11,10,5.97278992,0,168.33
CO,3346,9/17/2009,9/20/2009,71,53,24,14.83614624,0,199.148
CO,3358,9/15/2009,9/18/2009,41,30,8,9.44775344,80,114.921
CO,3363,9/8/2009,9/11/2009,78,44.5,4,37.01810144,40,125.007
CO,3367,9/8/2009,9/11/2009,31,14.5,16,2.90313408,0,143.657
CO,3368,9/9/2009,9/12/2009,48,53.5,36,10.20809808,0,170.024
CO,3400,9/18/2009,9/21/2009,31,16,21,2.72090272,40,116.196
CO,3405,9/9/2009,9/12/2009,26,15,2,2.31873696,0,163.459
CO,3410,9/7/2009,9/10/2009,91,44.5,0,23.2344984,0,110.597
CO,3421,9/10/2009,9/13/2009,56,25,12,10.761076,40,129.76
CO,3436,9/15/2009,9/18/2009,52,94.5,14,1.87258432,120,144.09
CO,3439,10/3/2009,10/6/2009,123,87.5,37,54.39291904,40,175.554
CO,3457,9/16/2009,9/19/2009,79,82.5,14,9.71167472,0,105.89
CO,3459,9/9/2009,9/12/2009,61,72.5,20,49.51351728,40,138.789
CO,3462,9/8/2009,9/11/2009,61,0,0,0.05027072,0,101.661
CO,3465,9/12/2009,9/15/2009,64,52.5,34,9.38805696,0,134.924
CO,3466,9/7/2009,9/10/2009,33,14,7,0.63466784,0,169.517
CO,3468,9/9/2009,9/12/2009,70,43.5,0,43.91775776,40,158.326
CO,3506,9/16/2009,9/19/2009,36,27.5,16,2.35015616,0,137.428
CO,3520,9/10/2009,9/13/2009,39,21,17,1.23791648,0,149.724
CO,3553,9/30/2009,10/3/2009,69,28.5,25,10.84276592,80,177.147
CO,3565,9/9/2009,9/12/2009,75,67,24,42.70497664,0,142.244
CO,3566,9/12/2009,9/15/2009,23,15,9,1.29761296,0,156.081
CO,3585,9/17/2009,9/20/2009,70,53.5,26,20.03602384,0,180.049
CO,3606,9/16/2009,9/19/2009,34,49,31,0,120,106.438
CO,3627,10/5/2009,10/8/2009,56,37.5,1,17.80840256,80,185.68
CO,3637,10/1/2009,10/4/2009,26,26,10,1.9794096,40,163.253
CO,3664,9/17/2009,9/20/2009,68,53.5,24,26.75659072,40,162.791
CO,3688,9/8/2009,9/11/2009,58,16.5,18,8.15642432,120,174.267
CO,3692,9/8/2009,9/11/2009,52,35,11,8.40149408,0,96.9707
CO,3699,9/18/2009,9/21/2009,56,53,7,6.56032896,0,161.654
CO,3705,9/17/2009,9/20/2009,76,0,25,27.35669744,0,159.716
CO,3707,10/4/2009,10/7/2009,123,67,2,23.31618832,40,139.372
CO,3721,9/7/2009,9/10/2009,52,15,4,14.5470896,0,133.202
CO,3727,10/5/2009,10/8/2009,52,54.5,7,11.68480048,280,156.616
CO,3732,9/18/2009,9/21/2009,,,,,,127.511
CO,3736,9/16/2009,9/19/2009,94,52.5,6,28.50035632,160,145.254
CO,3738,10/7/2009,10/10/2009,87,63.5,6,19.6684192,40,137.56
CO,3740,10/3/2009,10/6/2009,73,76,5,28.44694368,0,164.893
CO,3746,10/1/2009,10/4/2009,26,14,9,1.021124,0,120.354
CO,3747,9/9/2009,9/12/2009,42,13,19,1.021124,40,124.77
CO,3748,9/8/2009,9/11/2009,46,49,33,0.64723552,200,112.942
CO,3761,9/30/2009,10/2/2009,31,19,5,5.61146912,0,117.74
CO,3762,9/30/2009,10/3/2009,32,13.5,15,4.67517696,40,136.742
CO,3770,9/15/2009,9/18/2009,60,83,14,11.310912,160,125.177
CO,3772,10/1/2009,10/4/2009,29,10,15,1.35730944,0,117.263
CO,3776,9/16/2009,9/19/2009,65,26.5,17,10.42174864,0,110.409
CO,3780,9/29/2009,10/2/2009,31,17,4,2.22762128,40,106.397
CO,3805,10/5/2009,10/8/2009,96,63,17,23.1088216,40,125.565
CO,3808,10/4/2009,10/7/2009,86,39,4,53.84622496,200,113.358
GS,5824,11/18/2008,11/21/2008,0,0,2,0,0,4.5821
GS,5858,11/19/2008,11/22/2008,65,55,0,17.65130656,0,4.71569
GS,5879,11/18/2008,11/21/2008,36,54,1,6.85566944,120,6.86911
GS,5881,11/19/2008,11/22/2008,55,39.5,0,42.4473392,6880,3.28976
GS,5907,11/18/2008,11/21/2008,0,0,0,0,400,1.9066
GS,5921,11/20/2008,11/23/2008,0,0,0,0,0,3.46903
GS,5922,11/20/2008,11/23/2008,0,0,0,0,0,1.93521
GU,2354,12/6/2010,12/9/2010,63,44.5,5,14.12607232,320,235.996
GU,2369,12/6/2010,12/9/2010,88,58,17,25.20762416,0,221.489
GU,2373,11/30/2010,12/3/2010,98,65,10,60.01695584,120,212.675
GU,2376,12/1/2010,12/4/2010,115,62,0,0,0,188.317
GU,2383,12/6/2010,12/9/2010,83,76,14,75.09502992,160,232.211
GU,2400,12/6/2010,12/9/2010,72,69,13,38.3000048,400,288.601
GU,2404,12/6/2010,12/9/2010,0,0,9,0,0,333.253
GU,2405,12/6/2010,12/9/2010,17,22.5,7,1.256768,0,339.145
GU,2428,12/6/2010,12/9/2010,22,21,5,0,0,322.636
GU,2434,12/1/2010,12/4/2010,71,44.5,12,13.79931264,120,292.478
GU,2435,12/1/2010,12/4/2010,70,53,18,38.70531248,240,288.86
GU,2453,12/1/2010,12/4/2010,80,64.5,2,39.17345856,400,195.014
GU,2455,12/1/2010,12/4/2010,100,56,8,30.8850736,80,214.299
GU,2456,12/1/2010,12/4/2010,64,48.5,0,7.23898368,0,219.436
GU,2458,12/6/2010,12/9/2010,97,21.5,0,67.43502896,200,212.224
GU,2467,12/1/2010,12/4/2010,93,50.5,13,98.64686224,440,240.442
GU,2485,12/1/2010,12/4/2010,58,59.5,12,3.47810544,200,305.2
GU,2486,12/1/2010,12/4/2010,71,47.5,4,11.89530912,360,281.958
LC,85,11/1/2010,11/4/2010,110,63,32,33.70651776,160,170.244
LC,89,11/2/2010,11/5/2010,56,19,7,16.12433344,80,185.836
LC,90,10/24/2010,10/27/2010,52,19,2,13.76789344,0,179.292
LC,96,11/2/2010,11/5/2010,34,15,0,1.80974592,0,215.937
LC,97,10/25/2010,10/28/2010,48,32,7,24.95941248,40,208.312
LC,126,11/2/2010,11/5/2010,52,28.5,4,6.05447984,0,191.449
LC,135,11/1/2010,11/4/2010,85,53.5,0,77.53001792,120,145.362
LC,137,11/1/2010,11/4/2010,95,77,3,72.12905744,40,167.137
LC,154,10/25/2010,10/28/2010,53,27.5,4,0,680,192.071
LC,155,10/25/2010,10/28/2010,0,0,0,0,0,200.832
LC,160,10/24/2010,10/27/2010,53,15,0,30.06503248,0,197.463
LC,161,11/1/2010,11/4/2010,77,48.5,16,27.85626272,80,177.531
LC,165,10/25/2010,10/28/2010,23,15,6,0,0,191.785
LC,171,10/24/2010,10/27/2010,0,0,6,0,0,198.173
LC,175,10/24/2010,10/27/2010,97,111,37,46.54440288,0,148.933
LC,188,10/24/2010,10/27/2010,100,40.5,0,61.77957296,40,171.599
LC,204,10/24/2010,10/27/2010,94,102.5,20,51.4646496,160,155.127
LC,214,10/17/2010,10/20/2010,87,35.5,0,41.64929152,40,163.913
LC,217,10/24/2010,10/27/2010,106,68.5,4,94.89226784,240,162.802
LC,246,10/17/2010,10/20/2010,35,14,0,8.2946688,0,160.793
LC,250,11/2/2010,11/5/2010,42,15.5,17,12.84731088,0,205.549
LC,260,10/17/2010,10/20/2010,58,40.5,19,9.30322512,0,184.628
LC,268,10/25/2010,10/28/2010,45,19.5,0,14.79215936,0,194.159
LC,283,10/25/2010,10/28/2010,65,38.5,4,8.91676896,40,172.021
LC,296,10/25/2010,10/28/2010,81,77,33,58.57481456,240,181.17
LC,299,10/16/2010,10/19/2010,67,30.5,0,20.2025456,80,145.236
LC,301,10/24/2010,10/27/2010,36,22.5,10,16.75585936,0,168.599
LC,302,10/24/2010,10/27/2010,69,28.5,0,6.06704752,0,177.09
LC,325,10/16/2010,10/19/2010,54,24.5,8,14.82672048,80,195.337
LC,339,11/9/2010,11/12/2010,49,15,18,6.5823224,0,167.753
LC,348,10/25/2010,10/28/2010,32,18,16,2.18677632,0,173.377
LC,357,11/9/2010,11/12/2010,50,14.5,16,5.39153472,0,192.448
LC,359,11/9/2010,11/12/2010,44,20,10,6.74884416,40,204.478
LC,360,11/9/2010,11/12/2010,62,21,9,27.3504136,0,207.137
LC,362,10/25/2010,10/28/2010,68,58,15,37.63705968,0,180.547
LC,369,11/9/2010,11/12/2010,65,60,30,20.34079008,200,166.83
LC,376,11/9/2010,11/12/2010,83,84,20,41.6461496,200,144.023
LC,379,11/9/2010,11/12/2010,95,114,18,52.5800312,40,160.326
LC,382,11/9/2010,11/12/2010,,,,,,189.146
LC,419,11/9/2010,11/12/2010,82,59.5,15,33.37033232,40,182.049
LC,421,10/16/2010,10/19/2010,98,59.5,24,82.2083368,240,193.229
LC,422,10/16/2010,10/19/2010,51,20,11,14.09779504,0,185.398
LC,423,10/16/2010,10/19/2010,52,23.5,24,13.61708128,40,191.217
LC,460,10/17/2010,10/20/2010,90,38.5,9,10.95901696,0,144.923
LC,464,11/2/2010,11/5/2010,52,17.5,16,17.26799232,0,199.194
LC,478,10/17/2010,10/20/2010,93,102.5,30,60.08293616,200,160.144
LC,479,10/17/2010,10/20/2010,89,88.5,10,49.82142544,0,167.467
LC,483,11/2/2010,11/5/2010,57,17.5,10,24.90599984,80,203.012
LC,487,11/9/2010,11/12/2010,45,17.5,16,18.34252896,0,200.049
LC,501,11/1/2010,11/4/2010,71,87,16,62.63103328,120,176.966
LC,502,11/2/2010,11/5/2010,49,24,22,10.28350416,0,196.695
LC,504,11/2/2010,11/5/2010,45,19.5,22,15.02151952,0,186.127
LC,517,11/2/2010,11/5/2010,41,19,16,8.38264256,40,170.228
LC,518,11/1/2010,11/4/2010,138,91.5,11,41.50790512,40,152.271
LC,521,11/1/2010,11/4/2010,81,75.5,16,30.083884,160,171.092
LC,529,11/1/2010,11/4/2010,46,19,21,7.49976304,0,179.99
LC,540,11/1/2010,11/4/2010,37,18,7,7.36466048,0,178.242
LC,548,11/1/2010,11/4/2010,69,46,18,20.98488368,0,153.938
LC,582,10/9/2010,10/12/2010,47,50.5,22,14.4214128,80,217.53
LC,583,10/9/2010,10/12/2010,23,18,14,1.96684192,40,210.969
LC,629,10/9/2010,10/12/2010,49,20,20,5.39153472,80,202.65
LC,701,10/9/2010,10/12/2010,52,21,15,12.52683504,80,210.075
LC,793,10/16/2010,10/19/2010,65,23.5,8,26.40155376,120,181.746
LC,807,10/17/2010,10/20/2010,55,18,7,23.52669696,40,186.746
LC,812,10/10/2010,10/13/2010,83,36.5,0,43.0757232,80,157.721
LC,835,10/18/2010,10/21/2010,75,76,0,56.9630096,200,162.378
LC,875,10/16/2010,10/19/2010,58,22,7,26.25702544,40,172.451
LC,882,10/17/2010,10/20/2010,55,23,8,25.12593424,0,200.861
LC,884,10/16/2010,10/19/2010,68,21,8,21.02887056,40,196.352
LC,889,10/15/2010,10/18/2010,79,78.5,20,47.95198304,200,190.182
LC,891,10/15/2010,10/18/2010,50,18,9,15.70645808,0,184.741
LC,909,9/6/2010,9/9/2010,32,37.5,14,11.47114992,120,216.195
LC,945,9/23/2010,9/26/2010,76,23,12,30.45777248,40,184.534
LC,979,9/6/2010,9/9/2010,0,0,14,0,1160,232.268
LC,981,9/22/2010,9/25/2010,50,20.5,9,5.19045184,40,240.56
LC,986,9/23/2010,9/26/2010,53,12.5,10,5.34440592,40,187.535
LC,991,9/7/2010,9/10/2010,68,53,2,12.90386544,0,170.163
LC,1022,9/8/2010,9/11/2010,41,18,24,5.35068976,0,204.387
LC,1025,9/22/2010,9/25/2010,73,71.5,7,15.5996328,0,219.439
LC,1031,9/24/2010,9/27/2010,69,33,6,8.81622752,40,242.731
LC,1101,9/9/2010,9/12/2010,68,47,22,32.65711648,0,148.541
LC,1104,9/8/2010,9/11/2010,64,25.5,4,26.8477064,40,150.03
LC,1105,9/8/2010,9/11/2010,68,35,0,17.594752,40,155.463
LC,1107,9/7/2010,9/10/2010,40,17.5,7,6.0953248,40,165.762
LC,1122,9/23/2010,9/26/2010,60,39,5,7.26097712,0,205.597
LC,1124,9/22/2010,9/27/2010,38,15,8,3.69489792,0,259.952
LC,1149,9/9/2010,9/12/2010,45,21,0,11.99899248,0,221.31
LC,1164,9/22/2010,9/25/2010,80,48.5,11,21.62897728,240,220.227
LC,1182,9/7/2010,9/10/2010,52,50.5,14,5.3883928,0,187.867
LC,1214,9/6/2010,9/9/2010,52,19,4,12.40115824,0,217.278
LC,1215,9/7/2010,9/10/2010,48,21.5,7,15.22574432,0,217.935
LC,1226,9/22/2010,9/25/2010,72,33,0,18.67557248,0,164.157
LC,1227,9/23/2010,9/26/2010,0,0,8,0.20108288,0,169.023
LC,1246,9/6/2010,9/9/2010,46,24,10,12.03669552,0,208.685
LC,1261,9/24/2010,9/27/2010,59,32,17,0.8326088,0,272.648
LC,1298,9/24/2010,9/27/2010,61,23.5,6,11.2480736,40,162.347
LC,1325,9/22/2010,9/25/2010,46,18.5,16,12.68707296,0,233.413
LC,1335,9/23/2010,9/26/2010,0,0,5,0,120,254.313
LC,1357,9/9/2010,9/12/2010,53,21,6,16.17146224,40,188.275
LC,1380,9/24/2010,9/27/2010,0,0,1,0,360,262.793
LC,1387,9/11/2010,9/14/2010,43,38,12,9.36920544,0,170.03
LC,1388,9/6/2010,9/9/2010,33,33.5,5,6.65144464,120,167.142
LC,1400,9/22/2010,9/25/2010,76,60.5,16,35.36545152,40,236.419
LC,1407,9/23/2010,9/26/2010,73,38.5,21,36.81073472,120,233.59
LC,1449,9/24/2010,9/27/2010,45,18,0,10.76421792,0,250.982
LC,1456,9/8/2010,9/11/2010,43,40,0,5.59890144,280,150.301
LC,1465,9/14/2010,9/17/2010,48,33,3,3.90226464,160,220.043
LC,1469,9/14/2010,9/17/2010,70,31,3,25.64120912,160,222.425
LC,1565,10/2/2010,10/5/2010,92,73,22,46.09825024,0,227.154
LC,1587,9/7/2010,9/10/2010,57,32,4,18.59388256,0,196.044
LC,1589,9/8/2010,9/11/2010,34,17.5,2,5.98221568,0,231.448
LC,1637,10/10/2010,10/13/2010,82,64,6,18.0346208,40,241.647
LC,1640,9/14/2010,9/17/2010,35,18,21,10.64796688,160,193.483
LC,1643,9/15/2010,9/18/2010,0,0,8,0,1400,205.678
LC,1651,9/16/2010,9/19/2010,91,60.5,26,20.11771376,0,211.715
LC,1672,9/14/2010,9/17/2010,0,0,11,0,240,231.716
LC,1681,10/9/2010,10/12/2010,94,96,11,31.59514752,40,200.557
LC,1712,10/9/2010,10/12/2010,90,100.5,10,46.96542016,40,220.179
LC,1717,10/8/2010,10/11/2010,104,99,22,70.88485712,120,226.361
LC,1739,10/16/2010,10/19/2010,60,47,17,49.32186016,80,185.484
LC,1769,9/15/2010,9/18/2010,66,32.5,7,9.3786312,0,233.964
LC,1771,10/8/2010,10/11/2010,78,88,14,31.22754288,40,175.456
LC,1777,10/9/2010,10/12/2010,112,80,1,78.36891056,40,167.552
LC,1794,9/16/2010,9/19/2010,82,91.5,12,46.85545296,80,233.894
LC,1797,9/15/2010,9/18/2010,0,0,16,1.72491408,0,237.425
LC,1808,10/8/2010,10/11/2010,89,121.5,14,59.932124,40,171.753
LC,1842,9/15/2010,9/18/2010,41,23.5,7,10.4783032,0,196.86
LC,1927,10/1/2010,10/4/2010,64,39,6,24.13937136,40,221.141
LC,1929,10/2/2010,10/5/2010,47,17.5,12,6.4095168,40,239.038
LC,1936,9/15/2010,9/18/2010,86,76,29,92.58924048,0,208.258
LC,1939,9/16/2010,9/19/2010,92,73,6,54.21068768,80,205.955
LC,1954,10/2/2010,10/5/2010,20,15.5,18,0.314192,320,246.091
LC,1955,10/5/2010,10/8/2010,0,0,4,0,440,231.515
LC,1961,9/30/2010,10/3/2010,77,45.5,19,17.69529344,80,234.611
LC,1985,10/1/2010,10/4/2010,0,0,5,0,40,238.443
LC,2023,10/1/2010,10/4/2010,34,13,13,3.60692416,0,237.25
LC,2027,9/16/2010,9/19/2010,41,19.5,8,10.13897584,0,257.633
LC,2032,9/14/2010,9/17/2010,52,37.5,4,12.72163408,80,210.041
LC,2044,9/15/2010,9/18/2010,76,62,3,13.42856608,40,226.774
LC,2054,9/30/2010,10/3/2010,90,97,14,42.39706848,80,226.105
LC,2056,10/1/2010,10/4/2010,74,83.5,25,19.56787776,40,238.909
LC,2102,10/8/2010,10/11/2010,90,57,4,61.32085264,40,226.462
LC,2116,10/1/2010,10/4/2010,0,0,5,0,0,235.678
LC,2118,10/1/2010,10/4/2010,46,18,11,12.31318448,0,237.303
LC,2128,9/14/2010,9/17/2010,31,20,4,0,0,226.114
LC,2160,9/15/2010,9/18/2010,67,70.5,16,17.63559696,40,192.669
LC,2165,10/9/2010,10/12/2010,98,38.5,4,49.36270512,40,179.034
LC,2166,10/9/2010,10/12/2010,87,68,11,101.5908413,80,221.271
LC,2167,10/9/2010,10/12/2010,77,56,6,88.19683632,0,182.118
LC,2196,10/8/2010,10/11/2010,87,60,12,23.3444656,80,221.406
LC,2198,10/8/2010,10/11/2010,80,29.5,4,36.80445088,0,174.673
LC,2233,9/30/2010,10/3/2010,86,58.5,7,99.45119376,40,207.359
LC,2244,10/1/2010,10/4/2010,0,0,6,0,80,207.859
LC,2277,10/2/2010,10/5/2010,0,0,8,0.38017232,80,227.189
LC,2278,10/2/2010,10/5/2010,0,0,7,0,0,248.55
LC,2283,9/30/2010,10/3/2010,90,62,0,110.9223437,40,165.711
LC,2289,9/30/2010,10/3/2010,85,71,8,30.89449936,120,203.849
LC,2302,9/30/2010,10/3/2010,0,0,4,0,80,198.811
MS,623,11/15/2010,11/18/2010,92,61,15,110.0520318,0,377.788
MS,639,11/16/2010,11/19/2010,81,49.5,13,51.78512544,40,454.392
MS,640,11/16/2010,11/19/2010,110,54,9,69.94856496,120,410.709
MS,650,11/16/2010,11/19/2010,91,21,6,76.6314288,200,437.284
MS,651,11/15/2010,11/18/2010,75,51,16,68.40274032,0,397.416
MS,668,11/15/2010,11/18/2010,102,82,0,51.84168,0,480.339
MS,669,11/15/2010,11/18/2010,70,40,4,24.3970088,0,443.062
MS,682,11/14/2010,11/17/2010,79,68,0,55.16583136,0,477.058
MS,683,11/15/2010,11/18/2010,74,85,0,55.74708656,160,487.48
MS,716,11/15/2010,11/18/2010,99,75.5,0,61.8644048,280,489.246
MS,720,11/15/2010,11/18/2010,43,79,30,16.26257792,80,384.9
MS,726,11/15/2010,11/18/2010,72,67.5,21,44.99857824,40,278.329
MS,734,11/14/2010,11/17/2010,52,75,8,36.15407344,40,281.06
MS,736,11/14/2010,11/17/2010,80,60,13,49.08935808,40,413.024
MS,737,11/14/2010,11/17/2010,76,70,13,87.8009544,0,410.222
MS,743,11/14/2010,11/17/2010,61,73,25,15.02780336,80,350.794
MS,748,11/14/2010,11/17/2010,70,92,24,17.80526064,120,327.931
MS,749,11/14/2010,11/17/2010,73,63.5,8,53.15814448,240,363.321
OM,2733,10/20/2009,10/23/2009,87,91,16,30.34466336,120,224.688
OM,2746,10/20/2009,10/23/2009,70,111,18,47.53410768,240,232.155
OM,2778,10/19/2009,10/22/2009,72,112,4,34.29091488,0,176.35
OM,2779,10/19/2009,10/22/2009,0,0,0,0.15395408,200,213.964
OM,2807,10/20/2009,10/23/2009,73,74.5,10,78.8936112,520,324.461
OM,2821,10/12/2009,10/15/2009,73,74,14,29.47749344,360,211.4
OM,2834,10/20/2009,10/23/2009,86,0,5,24.114236,320,200.613
OM,2835,10/20/2009,10/23/2009,92,46,13,48.51752864,40,224.098
OM,2852,10/19/2009,10/22/2009,69,47.5,20,43.2485288,200,273.78
OM,2872,10/19/2009,10/22/2009,101,44,1,49.74287744,0,162.002
OM,2878,10/20/2009,10/23/2009,88,95,8,49.25587984,200,203.242
OM,2896,10/13/2009,10/16/2009,104,43,28,52.97905504,80,307.161
OM,2928,10/3/2009,10/6/2009,78,54,0,0,0,154.6
OM,2944,10/8/2009,10/11/2009,83,73,0,17.20515392,0,149.201
OM,2946,10/3/2009,10/6/2009,84,49,9,45.08341008,400,166.897
OM,2950,10/19/2009,10/22/2009,70,67,10,26.40155376,120,197.235
OM,2951,10/12/2009,10/15/2009,86,70,5,71.31215824,40,228.941
OM,2958,10/14/2009,10/17/2009,55,69.5,18,9.33778624,280,241.639
OM,2961,10/5/2009,10/8/2009,97,67,0,15.395408,0,152.121
OM,2962,10/6/2009,10/9/2009,81,56.5,0,59.74675072,0,156.534
OM,2963,10/5/2009,10/8/2009,0,0,0,0,0,157.949
OM,2970,10/12/2009,10/15/2009,107,85.5,21,42.72382816,0,217.756
OM,2985,10/12/2009,10/15/2009,78,57,10,25.28303024,240,214.674
OM,2990,10/13/2009,10/16/2009,90,60.5,9,57.62909664,80,324.062
OM,3005,10/11/2009,10/14/2009,111,55,6,16.93809072,80,212.325
OM,3023,10/4/2009,10/7/2009,127,60,9,81.88471904,0,208.546
OM,3031,10/19/2009,10/22/2009,0,0,0,0,0,166.859
OM,3033,10/11/2009,10/14/2009,86,46,18,48.76888224,80,189.983
OM,3038,10/3/2009,10/6/2009,78,73.5,14,54.5280216,80,208.328
OM,3043,10/19/2009,10/22/2009,43,35,12,7.9490576,80,327.532
OM,3047,10/12/2009,10/15/2009,82,47.5,16,56.07070432,80,225.996
OM,3048,10/19/2009,10/22/2009,0,0,4,0,80,171.832
OM,3049,10/19/2009,10/22/2009,79,51,6,34.30034064,0,180.749
OM,3061,10/13/2009,10/16/2009,87,54,13,23.2030792,200,302.251
OM,3064,10/12/2009,10/15/2009,84,80,19,34.53284272,160,232.226
OM,3074,10/12/2009,10/15/2009,50,35,5,5.184168,40,236.41
OM,3077,10/13/2009,10/16/2009,59,61,12,16.54849264,200,293.851
OM,3106,10/14/2009,10/17/2009,79,65.5,13,72.14162512,240,218.23
OM,3127,10/12/2009,10/15/2009,59,81,8,13.42542416,160,256.465
OM,3134,10/11/2009,10/14/2009,62,68.5,7,16.3222744,200,206.642
OM,3139,10/11/2009,10/14/2009,53,84,11,9.43518576,0,264.539
PE,5076,10/27/2008,10/30/2008,37,17,6,6.26184656,0,36.4169
PE,5110,10/26/2008,10/29/2008,22,13.5,5,0.96142752,40,47.2021
PE,5141,10/29/2008,11/1/2008,28,17,0,2.07680912,0,35.3133
PE,5153,10/30/2008,11/2/2008,39,19,2,7.383512,0,32.4926
PE,5154,10/29/2008,11/1/2008,20,0,5,0.53098448,0,30.9093
PE,5202,10/28/2008,10/31/2008,64,60,4,0,0,23.7166
PE,5239,10/28/2008,10/31/2008,40,14,9,9.45089536,0,34.318
PE,5251,10/22/2008,10/25/2008,37,15,0,4.02794144,0,30.1564
PE,5262,10/21/2008,10/24/2008,52,32,1,10.48458704,40,24.5043
PE,5278,10/21/2008,10/24/2008,0,0,0,0,0,33.0528
PE,5296,10/22/2008,10/25/2008,26,18,0,2.4035688,0,31.6492
PE,5371,10/21/2008,10/24/2008,0,0,3,0,80,30.1289
PE,5376,10/22/2008,10/25/2008,0,0,0,0,0,32.103
PE,5402,10/14/2008,10/17/2008,28,18,0,1.18450384,0,35.5816
PE,5417,10/21/2008,10/24/2008,46,32,0,0,0,18.2984
PE,5427,10/15/2008,10/18/2008,31,16,0,3.299016,0,35.8797
PE,5445,10/13/2008,10/16/2008,90,49,0,2.26532432,160,10.9638
PE,5465,10/15/2008,10/18/2008,25,15,4,1.14994272,0,14.8398
PE,5483,10/30/2008,11/2/2008,32,19,4,4.25101776,0,24.9095
PE,5488,10/13/2008,10/16/2008,27,18,0,2.45383952,40,14.5814
PE,5555,10/14/2008,10/17/2008,55,33,0,38.68960288,200,12.178
PE,5561,10/20/2008,10/23/2008,32,16,1,4.33899152,0,31.9319
PE,5573,10/20/2008,10/23/2008,36,18,0,5.99792528,0,33.8563
PE,5665,10/14/2008,10/17/2008,52,50,1,7.11959072,480,9.9418
PE,5700,10/13/2008,10/16/2008,40,45,1,8.4360552,0,16.6723
PE,5701,10/13/2008,10/16/2008,38,21,2,4.35470112,0,15.0617
PE,5746,10/12/2008,10/15/2008,32,17.5,1,3.7074656,0,34.6353
PE,5771,10/13/2008,10/16/2008,39,16.5,0,1.74062368,0,8.74318
SS,5,11/13/2008,11/16/2008,88,71.5,2,59.47340368,0,11.0418
SS,47,11/14/2008,11/17/2008,83,89.5,11,86.45307072,160,15.3756
SS,61,11/14/2008,11/17/2008,92,82.5,0,124.0587112,0,13.9629
SS,65,11/13/2008,11/16/2008,63,77,1,62.40167312,80,8.89738
SS,84,11/14/2008,11/17/2008,82,70,2,165.5603325,120,8.98268
SS,4772,11/5/2008,11/8/2008,60,0,29,9.85306112,80,66.1636
SS,4778,11/7/2008,11/10/2008,83,91,2,31.88420416,40,69.7364
SS,4784,11/7/2008,11/10/2008,,,,,,
SS,4790,11/7/2008,11/10/2008,70,91,2,0,160,51.1993
SS,4813,11/11/2008,11/14/2008,110,73,13,54.23268112,440,24.4041
SS,4818,11/6/2008,11/9/2008,69,96.5,10,72.40868832,40,37.5059
SS,4826,11/11/2008,11/14/2008,119,117.5,29,20.22453904,120,37.4859
SS,4835,11/6/2008,11/9/2008,85,0,68,38.85298272,120,42.4775
SS,4850,11/5/2008,11/8/2008,76,0,21,125.400311,120,15.2149
SS,4861,11/5/2008,11/8/2008,66,72,11,74.48549744,40,65.7551
SS,4906,11/15/2008,11/18/2008,61,57.5,22,28.30555728,160,17.6799
SS,4948,11/12/2008,11/15/2008,,,,,,
SS,4965,11/12/2008,11/15/2008,52,25,11,16.06149504,0,22.7184
SS,4990,11/13/2008,11/16/2008,55,87.5,8,0,40,27.9601
SS,4997,11/13/2008,11/16/2008,46,69,8,0,0,35.6844
WC,3265,11/20/2009,11/23/2009,69,37,6,49.29986672,40,181.794
WC,3266,11/20/2009,11/23/2009,62,33,5,38.64875792,0,183.966
WC,3267,11/21/2009,11/24/2009,92,46,14,78.04215088,0,188.96
WC,3268,11/19/2009,11/22/2009,67,59,8,67.69895024,120,202.508
WC,3269,11/19/2009,11/22/2009,84,60,20,20.72410432,40,179.461
WC,3270,11/17/2009,11/20/2009,94,55,11,36.79816704,80,171.31
WC,3271,11/18/2009,11/21/2009,102,51,7,71.0231016,0,208.31
WC,3272,11/17/2009,11/20/2009,87,47,2,37.15006208,40,195.486
WC,3273,11/18/2009,11/21/2009,83,70,14,44.70009584,40,183.392
WC,3274,11/17/2009,11/20/2009,47,74.5,4,24.31217696,120,192.892
WC,3275,11/17/2009,11/20/2009,74,73,12,20.75866544,40,207.946
WC,3278,11/17/2009,11/20/2009,54,66,11,44.95144944,320,200.409
WC,3280,11/17/2009,11/20/2009,72,72.5,12,12.07754048,720,194.846
WC,3282,11/17/2009,11/20/2009,62,70.5,16,54.21697152,160,187.912
WC,3283,11/20/2009,11/23/2009,71,73.5,7,40.25113712,80,198.277
WC,3285,11/19/2009,11/22/2009,97,56,9,31.8276496,120,166.289
WC,3297,11/21/2009,11/24/2009,74,51.5,18,28.67002,80,182.596
WC,3298,11/18/2009,11/21/2009,74,75.5,4,42.56359024,0,176.796
WC,3319,11/17/2009,11/20/2009,0,0,0,0,0,165.013
WC,3320,11/17/2009,11/20/2009,86,47.5,4,50.28328768,40,159.149
WC,3321,11/17/2009,11/20/2009,103,66,0,77.9039064,160,158.139
WC,3432,11/18/2009,11/21/2009,68,53,0,19.52389088,40,175.788
WC,3485,11/19/2009,11/22/2009,85,36,3,27.13362112,240,170.47
WC,3540,11/18/2009,11/21/2009,100,51.5,14,42.61700288,40,172.542
WC,3541,11/19/2009,11/22/2009,96,57,0,41.46706016,0,157.072
