<?xml version="1.0"?>
<!--<!DOCTYPE metadata SYSTEM "http://www.esri.com/metadata/esriprof80.dtd">-->
<metadata xml:lang="en"><Esri><CreaDate>20080229</CreaDate><CreaTime>11185000</CreaTime><SyncOnce>TRUE</SyncOnce><MetaID>{72B1D388-45EA-4C23-8E53-4D5016920257}</MetaID></Esri><idinfo><citation><citeinfo><onlink Sync="TRUE">\\envinst-nas\alnhp-gis\GIS_data\AL_wma</onlink></citeinfo></citation></idinfo><distInfo><distributor><distorTran><onLineSrc><linkage Sync="TRUE">file://\\envinst-nas\alnhp-gis\GIS_data\AL_wma</linkage><protocol Sync="TRUE">Local Area Network</protocol></onLineSrc></distorTran></distributor></distInfo><dataqual><lineage><procstep><procdesc Sync="TRUE">Dataset copied.</procdesc><srcused Sync="TRUE">C:\GIS\Data\Alabama\Lands_Division\AL_wma</srcused><date Sync="TRUE">20080229</date><time Sync="TRUE">11185000</time></procstep></lineage></dataqual></metadata>
