Record Number,LandGroupLU,PointID,Date,Temperature,Wind,Sky,StartTime,EndTime
276,SS,0,6/10/2008,29,0,0,8:16:00 AM,8:28:00 AM
15,SS,5,6/11/2008,20,0,1,6:11:00 AM,6:23:00 AM
278,SS,8,6/10/2008,30,0,0,9:40:00 AM,9:52:00 AM
277,SS,10,6/10/2008,28,0,0,8:53:00 AM,9:05:00 AM
12,SS,47,6/10/2008,21,0,0,6:39:00 AM,6:51:00 AM
68,SS,52,6/11/2008,20,0,1,6:40:00 AM,6:52:00 AM
13,SS,58,6/10/2008,22.5,0,0,7:14:00 AM,7:26:00 AM
72,SS,61,6/10/2008,20,0,0,6:07:00 AM,6:19:00 AM
14,SS,63,6/10/2008,23.5,0,0,8:02:00 AM,8:14:00 AM
73,SS,65,6/10/2008,22,0,0,7:02:00 AM,7:24:00 AM
70,SS,72,6/10/2008,24,0,0,8:15:00 AM,8:27:00 AM
69,SS,75,6/10/2008,22,0,0,7:40:00 AM,7:52:00 AM
71,SS,84,6/10/2008,27,0,0,8:46:00 AM,8:58:00 AM
238,LC,85,6/24/2010,25,0,1,8:05:00 AM,8:17:00 AM
217,LC,89,6/21/2010,27,1,0,9:15:00 AM,9:27:00 AM
216,LC,90,6/21/2010,26,0,0,8:36:00 AM,8:48:00 AM
125,LC,96,6/14/2010,23,0,0,6:42:00 AM,6:54:00 AM
124,LC,97,6/15/2010,20,0,0,6:12:00 AM,6:24:00 AM
126,LC,116,6/15/2010,23,0,0,7:17:00 AM,7:29:00 AM
212,LC,126,6/21/2010,23,0,0,7:44:00 AM,7:56:00 AM
165,LC,133,6/17/2010,27,1,1,8:50:00 AM,9:02:00 AM
210,LC,135,6/23/2010,26,1,1,9:38:00 AM,9:50:00 AM
237,LC,137,6/24/2010,24,1,1,7:08:00 AM,7:20:00 AM
213,LC,139,6/21/2010,27,0,0,6:55:00 AM,7:07:00 AM
164,LC,147,6/17/2010,21,0,1,7:11:00 AM,7:23:00 AM
215,LC,154,6/21/2010,19,0,0,6:10:00 AM,6:22:00 AM
158,LC,155,6/16/2010,21,1,1,6:23:00 AM,6:35:00 AM
163,LC,160,6/17/2010,20,0,1,6:14:00 AM,6:26:00 AM
207,LC,161,6/23/2010,24,1,0,6:29:00 AM,6:41:00 AM
159,LC,165,6/16/2010,24,1,1,6:45:00 AM,6:57:00 AM
160,LC,166,6/16/2010,22,1,1,7:19:00 AM,7:31:00 AM
127,LC,171,6/15/2010,30,1,0,7:47:00 AM,7:59:00 AM
208,LC,174,6/23/2010,25,0,1,7:32:00 AM,7:44:00 AM
209,LC,175,6/23/2010,25,1,1,7:54:00 AM,8:06:00 AM
128,LC,180,6/15/2010,26,1,0,8:19:00 AM,8:31:00 AM
129,LC,187,6/15/2010,28,1,0,8:45:00 AM,8:57:00 AM
130,LC,188,6/15/2010,26,1,0,9:16:00 AM,9:28:00 AM
162,LC,202,6/16/2010,23,2,1,9:21:00 AM,9:33:00 AM
236,LC,204,6/28/2010,24,0,0,6:38:00 AM,6:50:00 AM
131,LC,213,6/15/2010,28,2,0,10:01:00 AM,10:13:00 AM
161,LC,214,6/16/2010,22,1,1,8:30:00 AM,8:42:00 AM
241,LC,217,6/28/2010,25,2,0,7:48:00 AM,8:00:00 AM
166,LC,238,6/17/2010,30,1,1,9:40:00 AM,9:52:00 AM
240,LC,240,6/28/2010,27,1,1,8:39:00 AM,8:41:00 AM
205,LC,246,6/22/2010,21,0,0,7:05:00 AM,7:17:00 AM
214,LC,250,6/17/2010,25,1,0,9:10:00 AM,9:22:00 AM
206,LC,260,6/22/2010,24,1,1,7:51:00 AM,8:03:00 AM
220,LC,268,6/25/2010,26,0,2,7:14:00 AM,7:26:00 AM
239,LC,283,6/24/2010,28,2,1,10:00:00 AM,10:12:00 AM
219,LC,296,6/25/2010,28,0,1,7:53:00 AM,8:05:00 AM
258,LC,299,6/15/2010,26,0,1,8:48:00 AM,9:00:00 AM
257,LC,300,6/15/2010,24,0,1,8:16:00 AM,8:28:00 AM
254,LC,301,6/15/2010,23,0,1,6:22:00 AM,6:34:00 AM
256,LC,302,6/15/2010,24,0,1,7:45:00 AM,7:57:00 AM
218,LC,311,6/25/2010,27,0,1,8:30:00 AM,8:42:00 AM
255,LC,317,6/15/2010,25,0,1,7:09:00 AM,7:21:00 AM
226,LC,325,6/23/2010,29,2,0,9:46:00 AM,9:58:00 AM
259,LC,333,6/16/2010,22,0,2,6:14:00 AM,6:26:00 AM
186,LC,338,6/18/2010,23,0,1,7:11:00 AM,7:23:00 AM
187,LC,339,6/18/2010,24,0,1,7:50:00 AM,8:02:00 AM
188,LC,341,6/18/2010,25,1,1,8:50:00 AM,9:02:00 AM
185,LC,346,6/22/2010,27,2,1,8:58:00 AM,9:10:00 AM
227,LC,348,6/24/2010,26,0,1,7:51:00 AM,8:03:00 AM
182,LC,357,6/22/2010,25,1,1,7:16:00 AM,7:28:00 AM
183,LC,358,6/22/2010,25,1,1,7:50:00 AM,8:02:00 AM
184,LC,359,6/22/2010,26,2,1,8:26:00 AM,8:38:00 AM
1,LC,360,6/16/2010,22,0,2,5:39:00 AM,5:51:00 AM
228,LC,362,6/24/2010,32,0,3,8:35:00 AM,8:47:00 AM
265,LC,369,6/22/2010,23,1,1,6:43:00 AM,6:55:00 AM
190,LC,376,6/21/2010,23,0,1,7:28:00 AM,7:40:00 AM
189,LC,377,6/21/2010,20,0,1,6:58:00 AM,7:10:00 AM
191,LC,379,6/21/2010,25,0,1,8:14:00 AM,8:26:00 AM
193,LC,382,6/17/2010,25,1,1,7:36:00 AM,7:48:00 AM
262,LC,402,6/16/2010,24,1,2,8:03:00 AM,8:15:00 AM
261,LC,403,6/16/2010,23,0,3,7:33:00 AM,7:45:00 AM
260,LC,404,6/16/2010,23,0,1,6:56:00 AM,7:08:00 AM
192,LC,406,6/17/2010,23,0,1,6:42:00 AM,6:54:00 AM
195,LC,419,6/17/2010,28,1,1,9:05:00 AM,9:17:00 AM
194,LC,421,6/17/2010,27,0,2,8:26:00 AM,8:38:00 AM
263,LC,422,6/16/2010,24,1,1,8:28:00 AM,8:40:00 AM
264,LC,423,6/16/2010,25,0,1,9:10:00 AM,9:22:00 AM
211,LC,428,6/17/2010,22,0,0,6:51:00 AM,7:03:00 AM
178,LC,457,6/16/2010,24,2,1,8:46:00 AM,8:58:00 AM
229,LC,460,6/25/2010,24,0,1,7:27:00 AM,7:39:00 AM
248,LC,464,6/17/2010,,,,8:22:00 AM,8:34:00 AM
225,LC,478,6/23/2010,25,0,0,7:24:00 AM,7:36:00 AM
224,LC,479,6/23/2010,24,0,0,6:52:00 AM,7:04:00 AM
179,LC,483,6/16/2010,25,1,1,9:36:00 AM,9:48:00 AM
181,LC,487,6/16/2010,22,0,2,7:10:00 AM,7:22:00 AM
222,LC,492,6/29/2010,22,0,1,6:58:00 AM,7:10:00 AM
243,LC,501,6/17/2010,24,0,1,6:44:00 AM,6:56:00 AM
180,LC,502,6/16/2010,23,0,3,6:15:00 AM,6:27:00 AM
171,LC,504,6/15/2010,24,0,1,6:20:00 AM,6:32:00 AM
247,LC,512,6/17/2010,25,0,1,7:34:00 AM,7:46:00 AM
177,LC,515,6/15/2010,31,0,1,10:13:00 AM,10:25:00 AM
172,LC,517,6/15/2010,25,0,1,7:13:00 AM,7:25:00 AM
234,LC,518,6/29/2010,22,0,1,7:13:00 AM,7:25:00 AM
221,LC,521,6/28/2010,26,1,0,7:53:00 AM,8:05:00 AM
173,LC,529,6/15/2010,27,0,1,7:48:00 AM,8:00:00 AM
266,LC,533,6/28/2010,24,0,0,7:02:00 AM,7:14:00 AM
174,LC,540,6/15/2010,26,0,1,8:18:00 AM,8:30:00 AM
176,LC,547,6/15/2010,28,0,1,9:23:00 AM,9:35:00 AM
175,LC,548,6/15/2010,27,0,1,8:45:00 AM,8:57:00 AM
134,LC,581,6/14/2010,25,0,0,7:34:00 AM,7:46:00 AM
132,LC,582,6/14/2010,23,0,0,5:58:00 AM,6:10:00 AM
133,LC,583,6/14/2010,24,0,0,6:29:00 AM,6:41:00 AM
31,MS,623,5/27/2010,20,1,0,7:10:00 AM,7:22:00 AM
135,LC,629,6/14/2010,27,1,0,8:25:00 AM,8:37:00 AM
35,MS,639,5/26/2010,27,1,0,9:09:00 AM,9:31:00 AM
36,MS,640,5/26/2010,22,0,0,8:29:00 AM,8:41:00 AM
34,MS,650,5/26/2010,28,0,0,9:44:00 AM,9:56:00 AM
37,MS,651,5/26/2010,20,0,0,7:55:00 AM,8:07:00 AM
38,MS,653,5/26/2010,20,0,0,7:15:00 AM,7:27:00 AM
40,MS,668,5/26/2010,19,1,1,5:46:00 AM,5:58:00 AM
39,MS,669,5/26/2010,19,1,0,6:28:00 AM,6:40:00 AM
235,LC,678,6/30/2010,22,0,3,7:09:00 AM,7:21:00 AM
32,MS,682,5/27/2010,18,2,0,6:09:00 AM,6:21:00 AM
33,MS,683,5/27/2010,18,2,0,5:42:00 AM,5:54:00 AM
136,LC,701,6/14/2010,28,1,0,9:35:00 AM,9:47:00 AM
76,MS,703,5/28/2010,20,2,1,8:06:00 AM,8:18:00 AM
30,MS,706,5/27/2010,21,3,0,8:15:00 AM,8:27:00 AM
28,MS,707,5/27/2010,23,2,0,9:19:00 AM,9:31:00 AM
45,MS,712,5/28/2010,19,1,1,6:31:00 AM,6:43:00 AM
29,MS,716,5/27/2010,21,2,0,8:43:00 AM,8:55:00 AM
77,MS,720,5/28/2010,20,2,1,7:11:00 AM,7:23:00 AM
44,MS,726,5/28/2010,20,2,0,7:15:00 AM,7:27:00 AM
51,MS,734,5/26/2010,27,0,1,6:14:00 AM,6:26:00 AM
52,MS,736,5/26/2010,19,0,0,7:25:00 AM,7:37:00 AM
53,MS,737,5/26/2010,21,1,0,7:53:00 AM,8:05:00 AM
50,MS,743,5/26/2010,22,1,0,8:39:00 AM,8:51:00 AM
49,MS,748,5/27/2010,19,2,0,6:39:00 AM,6:51:00 AM
48,MS,749,5/27/2010,19,1,0,7:11:00 AM,7:23:00 AM
47,MS,750,5/27/2010,21,1,0,7:40:00 AM,7:52:00 AM
46,MS,751,5/27/2010,20,1,0,8:10:00 AM,8:22:00 AM
168,LC,793,6/14/2010,29,0,1,8:17:00 AM,8:29:00 AM
170,LC,807,6/14/2010,30,0,1,10:20:00 AM,10:32:00 AM
169,LC,808,6/14/2010,26,0,1,9:09:00 AM,9:21:00 AM
267,LC,812,6/11/2010,25,0,2,9:00:00 AM,9:12:00 AM
199,LC,835,6/11/2010,22,0,1,7:03:00 AM,7:15:00 AM
100,LC,875,6/10/2010,21,0,3,7:24:00 AM,7:36:00 AM
101,LC,881,6/10/2010,21,1,3,8:12:00 AM,8:24:00 AM
102,LC,882,6/10/2010,21,0,3,8:41:00 AM,8:53:00 AM
103,LC,884,6/10/2010,22,1,2,9:29:00 AM,9:41:00 AM
223,LC,889,6/30/2010,22,1,3,6:46:00 AM,6:58:00 AM
104,LC,891,6/10/2010,23,1,2,9:54:00 AM,10:06:00 AM
123,LC,909,6/7/2010,27,0,2,6:15:00 AM,6:27:00 AM
198,LC,915,6/14/2010,30,0,1,10:01:00 AM,10:13:00 AM
94,LC,943,6/1/2010,21,1,1,6:29:00 AM,6:41:00 AM
95,LC,945,6/1/2010,22,1,2,7:16:00 AM,7:28:00 AM
148,LC,979,6/7/2010,21,1,1,7:33:00 AM,7:45:00 AM
42,LC,981,5/31/2010,21,2,2,9:12:00 AM,9:24:00 AM
97,LC,986,6/1/2010,25,1,1,9:41:00 AM,9:53:00 AM
167,LC,991,6/11/2010,25,2,3,8:47:00 AM,8:59:00 AM
149,LC,1022,6/7/2010,22,2,1,8:41:00 AM,8:53:00 AM
41,LC,1025,5/31/2010,20,2,3,8:37:00 AM,8:49:00 AM
96,LC,1031,6/1/2010,23,1,2,8:49:00 AM,9:01:00 AM
154,LC,1070,6/10/2010,23,0,3,8:15:00 AM,8:27:00 AM
151,LC,1080,6/8/2010,20,0,2,6:47:00 AM,6:59:00 AM
152,LC,1101,6/10/2010,20,0,4,6:20:00 AM,6:32:00 AM
153,LC,1102,6/10/2010,22,3,0,7:02:00 AM,7:16:00 AM
156,LC,1104,6/10/2010,23,0,3,9:00:00 AM,9:12:00 AM
245,LC,1105,6/10/2010,23,1,3,9:36:00 AM,9:48:00 AM
246,LC,1107,6/10/2010,24,3,1,10:25:00 AM,10:37:00 AM
89,LC,1122,6/2/2010,18,0,1,6:31:00 AM,6:43:00 AM
43,LC,1124,5/31/2010,22,1,2,10:10:00 AM,10:22:00 AM
78,LC,1149,6/7/2010,26,1,0,10:18:00 AM,10:30:00 AM
93,LC,1164,6/2/2010,25,1,1,10:04:00 AM,10:16:00 AM
242,LC,1182,6/28/2010,26,0,1,9:58:00 AM,10:10:00 AM
150,LC,1214,6/7/2010,26,2,1,9:30:00 AM,9:42:00 AM
244,LC,1215,6/10/2010,23,0,2,9:00:00 AM,9:12:00 AM
92,LC,1226,6/2/2010,24,0,1,9:00:00 AM,9:12:00 AM
90,LC,1227,6/2/2010,19,0,1,7:19:00 AM,7:31:00 AM
155,LC,1246,6/10/2010,24,1,2,8:34:00 AM,8:46:00 AM
91,LC,1253,6/2/2010,22,0,1,8:10:00 AM,8:22:00 AM
57,LC,1261,6/1/2010,19,1,1,6:03:00 AM,6:15:00 AM
61,LC,1272,6/1/2010,26,0,2,10:10:00 AM,10:22:00 AM
62,LC,1298,6/1/2010,27,0,2,9:39:00 AM,9:51:00 AM
75,LC,1299,6/2/2010,18,0,1,6:55:00 AM,7:07:00 AM
71,LC,1325,5/31/2010,22,0,4,9:32:00 AM,9:44:00 AM
63,LC,1335,6/1/2010,23,1,3,6:50:00 AM,7:02:00 AM
54,LC,1340,5/30/2010,21,2,2,8:41:00 AM,8:53:00 AM
157,LC,1347,6/11/2010,23,0,2,6:50:00 AM,7:02:00 AM
268,LC,1355,6/3/2010,28,1,3,10:28:00 AM,10:40:00 AM
120,LC,1357,6/4/2010,21,0,2,6:35:00 AM,6:47:00 AM
56,LC,1380,5/30/2010,20,1,2,8:05:00 AM,8:17:00 AM
121,LC,1387,6/4/2010,24,1,3,7:58:00 AM,8:10:00 AM
122,LC,1388,6/4/2010,24,0,4,9:48:00 AM,10:00:00 AM
269,LC,1400,5/31/2010,21,1,4,8:30:00 AM,8:42:00 AM
73,LC,1407,6/3/2010,23,0,3,8:32:00 AM,8:44:00 AM
270,LC,1438,5/31/2010,22,2,3,8:22:00 AM,8:34:00 AM
119,LC,1449,6/1/2010,22,0,2,6:48:00 AM,7:00:00 AM
74,LC,1456,6/3/2010,20,0,2,6:24:00 AM,6:36:00 AM
83,LC,1465,6/3/2010,23,1,2,8:10:00 AM,8:22:00 AM
82,LC,1469,6/3/2010,21,2,1,7:16:00 AM,7:28:00 AM
112,LC,1559,6/8/2010,19,0,1,7:18:00 AM,7:30:00 AM
117,LC,1565,5/31/2010,23,2,3,9:25:00 AM,9:37:00 AM
110,LC,1587,6/8/2010,17,0,1,5:51:00 AM,6:03:00 AM
111,LC,1589,6/8/2010,18,0,1,6:32:00 AM,6:44:00 AM
108,LC,1640,6/7/2010,23,1,0,9:36:00 AM,9:48:00 AM
109,LC,1643,6/7/2010,28,2,1,10:10:00 AM,10:22:00 AM
84,LC,1651,6/3/2010,23,2,1,9:08:00 AM,9:20:00 AM
85,LC,1672,6/3/2010,26,1,2,9:58:00 AM,10:10:00 AM
59,LC,1681,6/2/2010,23,1,1,8:51:00 AM,9:03:00 AM
58,LC,1712,6/2/2010,22,1,1,8:17:00 AM,8:29:00 AM
197,LC,1717,6/14/2010,26,0,0,7:12:00 AM,7:24:00 AM
143,LC,1739,6/2/2010,23,1,1,9:23:00 AM,9:35:00 AM
144,LC,1769,6/2/2010,24,2,1,8:52:00 AM,9:04:00 AM
60,LC,1771,6/2/2010,24,1,1,10:05:00 AM,10:17:00 AM
196,LC,1777,6/14/2010,22,0,1,6:22:00 AM,6:34:00 AM
253,LC,1778,6/10/2010,23,0,3,9:13:00 AM,9:25:00 AM
81,LC,1794,6/3/2010,20,2,1,6:08:00 AM,6:20:00 AM
145,LC,1797,6/2/2010,22,1,1,8:06:00 AM,8:18:00 AM
252,LC,1808,6/10/2010,22,0,3,8:38:00 AM,8:50:00 AM
146,LC,1827,6/2/2010,18,1,1,7:07:00 AM,7:19:00 AM
271,LC,1830,6/2/2010,21,0,1,6:42:00 AM,6:54:00 AM
107,LC,1842,6/7/2010,20,1,0,8:48:00 AM,9:00:00 AM
147,LC,1855,6/2/2010,19,0,1,6:23:00 AM,6:35:00 AM
66,LC,1925,6/3/2010,24,1,2,8:27:00 AM,8:39:00 AM
65,LC,1927,6/3/2010,24,1,2,9:49:00 AM,10:01:00 AM
204,LC,1929,6/7/2010,21,2,0,8:54:00 AM,9:06:00 AM
88,LC,1936,6/4/2010,23,2,2,7:36:00 AM,7:48:00 AM
86,LC,1939,6/4/2010,21,0,1,6:06:00 AM,6:18:00 AM
68,LC,1954,6/3/2010,23,2,2,7:39:00 AM,7:51:00 AM
69,LC,1955,6/3/2010,22,1,2,7:04:00 AM,7:16:00 AM
231,LC,1961,6/8/2010,20,0,2,7:36:00 AM,7:48:00 AM
70,LC,1985,6/3/2010,21,1,2,6:06:00 AM,6:18:00 AM
64,LC,2023,6/4/2010,22,0,2,7:09:00 AM,7:21:00 AM
272,LC,2024,6/4/2010,24,1,3,7:52:00 AM,8:04:00 AM
201,LC,2027,6/7/2010,16,0,1,6:40:00 AM,6:52:00 AM
105,LC,2032,6/7/2010,15,0,0,6:34:00 AM,6:46:00 AM
113,LC,2044,6/8/2010,21,1,1,8:24:00 AM,8:36:00 AM
200,LC,2054,6/7/2010,14,0,1,5:50:00 AM,6:02:00 AM
273,LC,2056,6/4/2010,20,0,1,6:09:00 AM,6:21:00 AM
114,LC,2102,6/8/2010,23,1,1,9:03:00 AM,9:15:00 AM
203,LC,2116,6/7/2010,21,1,0,7:44:00 AM,7:56:00 AM
202,LC,2118,6/7/2010,18,0,0,7:09:00 AM,7:21:00 AM
87,LC,2128,6/4/2010,24,2,3,8:58:00 AM,9:10:00 AM
106,LC,2160,6/7/2010,18,0,0,7:34:00 AM,7:46:00 AM
142,LC,2165,6/11/2010,24,1,1,9:32:00 AM,9:44:00 AM
141,LC,2166,6/11/2010,25,2,1,8:58:00 AM,9:10:00 AM
140,LC,2167,6/11/2010,22,1,1,8:28:00 AM,8:40:00 AM
115,LC,2196,6/8/2010,23,1,1,9:37:00 AM,9:49:00 AM
116,LC,2197,6/8/2010,24,2,1,10:04:00 AM,10:16:00 AM
139,LC,2198,6/11/2010,22,1,1,7:56:00 AM,8:08:00 AM
230,LC,2217,6/8/2010,19,0,1,6:29:00 AM,6:41:00 AM
138,LC,2229,6/11/2010,21,0,1,7:22:00 AM,7:34:00 AM
98,LC,2233,6/9/2010,22,2,3,7:46:00 AM,7:58:00 AM
274,LC,2244,6/9/2010,22,0,2,6:10:00 AM,6:22:00 AM
251,LC,2277,6/10/2010,22,1,3,6:54:00 AM,7:06:00 AM
250,LC,2278,6/10/2010,21,0,3,6:17:00 AM,6:29:00 AM
137,LC,2283,6/11/2010,21,0,1,6:35:00 AM,6:47:00 AM
99,LC,2289,6/10/2010,20,0,3,5:53:00 AM,6:05:00 AM
249,LC,2302,6/9/2010,25,0,2,7:14:00 AM,7:26:00 AM
233,LC,2324,6/8/2010,24,0,1,9:32:00 AM,9:44:00 AM
232,LC,2325,6/8/2010,23,1,1,9:00:00 AM,9:12:00 AM
26,GU,2354,5/24/2010,26,1,0,9:14:00 AM,9:26:00 AM
25,GU,2355,5/24/2010,25,1,0,8:46:00 AM,8:58:00 AM
27,GU,2360,5/25/2010,21,1,1,9:02:00 AM,9:14:00 AM
5,GU,2369,5/19/2010,20,1,0,9:53:00 AM,10:05:00 AM
13,GU,2373,5/18/2010,18,0,1,6:02:00 AM,6:14:00 AM
14,GU,2376,5/18/2010,18,0,1,5:38:00 AM,5:50:00 AM
24,GU,2383,5/24/2010,21,1,0,7:43:00 AM,7:55:00 AM
19,GU,2387,5/18/2010,18,0,1,6:31:00 AM,6:43:00 AM
23,GU,2400,5/24/2010,20,1,0,6:40:00 AM,6:52:00 AM
7,GU,2404,5/18/2010,19,0,2,7:15:00 AM,7:27:00 AM
18,GU,2405,5/18/2010,19,0,2,6:51:00 AM,7:03:00 AM
22,GU,2409,5/24/2010,19,1,0,6:07:00 AM,6:19:00 AM
6,GU,2428,5/18/2010,20,0,2,7:36:00 AM,7:48:00 AM
17,GU,2429,5/18/2010,20,1,1,7:55:00 AM,8:07:00 AM
3,GU,2434,5/19/2010,13,0,1,6:04:00 AM,6:16:00 AM
2,GU,2435,5/19/2010,15,1,1,6:33:00 AM,6:45:00 AM
15,GU,2441,5/18/2010,19,2,1,8:25:00 AM,8:37:00 AM
275,LC,2453,5/19/2010,18,1,0,8:11:00 AM,8:23:00 AM
20,GU,2455,5/18/2010,24,1,1,9:27:00 AM,9:39:00 AM
16,GU,2456,5/18/2010,23,1,1,9:01:00 AM,9:13:00 AM
4,GU,2458,5/19/2010,18,1,0,8:59:00 AM,9:11:00 AM
10,GU,2467,5/20/2010,18,1,0,8:20:00 AM,8:32:00 AM
9,GU,2482,5/20/2010,16,1,0,7:28:00 AM,7:40:00 AM
11,GU,2485,5/20/2010,17,2,0,9:23:00 AM,9:35:00 AM
12,GU,2486,5/20/2010,22,2,1,9:44:00 AM,9:56:00 AM
8,GU,2488,5/20/2010,15,0,0,6:52:00 AM,7:04:00 AM
21,GU,2492,5/21/2010,18,1,2,7:01:00 AM,7:13:00 AM
102,CW,2499,6/2/2009,24,1,1,9:55:00 AM,10:07:00 AM
100,CW,2502,6/2/2009,24,1,1,8:48:00 AM,9:00:00 AM
101,CW,2504,6/2/2009,25,1,1,9:32:00 AM,9:44:00 AM
7,CW,2506,6/2/2009,22,1,0,7:10:00 AM,7:22:00 AM
99,CW,2508,6/2/2009,24,1,1,8:10:00 AM,8:22:00 AM
42,CW,2512,6/2/2009,21,1,0,6:48:00 AM,7:00:00 AM
6,CW,2516,6/2/2009,23,1,0,7:36:00 AM,7:48:00 AM
98,CW,2519,6/3/2009,20,0,0,7:30:00 AM,7:42:00 AM
47,CW,2521,6/2/2009,22,1,0,7:54:00 AM,8:06:00 AM
40,CW,2522,6/2/2009,24,1,0,9:03:00 AM,9:15:00 AM
5,CW,2525,6/2/2009,23,0,0,8:05:00 AM,8:17:00 AM
4,CW,2526,6/2/2009,25,1,0,8:32:00 AM,8:45:00 AM
41,CW,2532,6/2/2009,24,1,0,8:30:00 AM,8:42:00 AM
150,CW,2547,6/2/2009,22,2,0,7:09:00 AM,7:21:00 AM
149,CW,2586,6/2/2009,26,1,0,8:22:00 AM,8:34:00 AM
147,CW,2594,6/2/2009,25,1,0,9:41:00 AM,9:53:00 AM
148,CW,2606,6/2/2009,26,1,0,9:07:00 AM,9:19:00 AM
146,CW,2610,6/3/2009,21,1,1,6:32:00 AM,6:44:00 AM
2,CW,2614,6/3/2009,22,0,0,7:12:00 AM,7:24:00 AM
145,CW,2618,6/3/2009,21,0,1,7:07:00 AM,7:19:00 AM
144,CW,2625,6/3/2009,23,1,1,7:36:00 AM,7:48:00 AM
37,CW,2628,6/3/2009,27,0,1,8:15:00 AM,8:27:00 AM
38,CW,2632,6/3/2009,20,0,0,7:13:00 AM,7:25:00 AM
3,CW,2640,6/3/2009,20,0,0,6:27:00 AM,6:39:00 AM
39,CW,2643,6/3/2009,19,0,1,6:05:00 AM,6:17:00 AM
153,CH,2654,6/1/2009,22,1,0,7:19:00 AM,7:31:00 AM
154,CH,2657,6/1/2009,22,1,0,7:51:00 AM,8:03:00 AM
151,CH,2666,6/1/2009,19,1,0,5:57:00 AM,6:09:00 AM
152,CH,2667,6/1/2009,19,1,0,6:30:00 AM,6:42:00 AM
155,CH,2672,6/1/2009,21,0,0,9:00:00 AM,9:12:00 AM
94,CH,2677,6/1/2009,24,1,0,9:46:00 AM,9:58:00 AM
91,CH,2682,6/2/2009,22,0,0,8:06:00 AM,8:18:00 AM
95,CH,2683,6/1/2009,24,1,0,9:17:00 AM,9:29:00 AM
93,CH,2687,6/2/2009,23,1,0,6:48:00 AM,7:00:00 AM
92,CH,2688,6/2/2009,25,0,0,7:30:00 AM,7:42:00 AM
96,CH,2691,6/1/2009,23,1,0,8:42:00 AM,8:54:00 AM
30,CH,2696,6/1/2009,24,0,0,8:46:00 AM,8:58:00 AM
68,CH,2697,6/1/2009,20,0,2,6:40:00 AM,6:52:00 AM
89,CH,2697,6/1/2009,20,0,2,6:40:00 AM,6:52:00 AM
67,CH,2698,6/1/2009,17,0,0,5:55:00 AM,6:07:00 AM
90,CH,2698,6/1/2009,17,,,,
25,CH,2703,6/1/2009,25,0,0,8:21:00 AM,8:33:00 AM
29,CH,2704,6/1/2009,20,1,0,6:12:00 AM,6:24:00 AM
8,CH,2707,6/1/2009,25,1,0,8:31:00 AM,8:43:00 AM
28,CH,2709,6/1/2009,18,0,0,7:05:00 AM,7:17:00 AM
97,CH,2710,6/1/2009,20,1,0,7:14:00 AM,7:26:00 AM
26,CH,2714,6/1/2009,19,0,0,7:35:00 AM,7:47:00 AM
27,CH,2714,6/1/2009,19,0,0,7:35:00 AM,7:47:00 AM
13,CH,2719,6/1/2009,21,0,0,6:12:00 AM,6:24:00 AM
9,CH,2721,6/1/2009,24,1,0,7:57:00 AM,8:09:00 AM
10,CH,2722,6/1/2009,24,0,0,7:31:00 AM,7:43:00 AM
11,CH,2723,6/1/2009,20,0,0,7:00:00 AM,7:12:00 AM
12,CH,2724,6/1/2009,21,0,0,6:35:00 AM,6:47:00 AM
22,OM,2733,6/8/2009,23,1,0,7:02:00 AM,7:14:00 AM
23,OM,2746,6/8/2009,25,0,0,8:10:00 AM,8:22:00 AM
20,OM,2778,6/8/2009,20,0,0,5:40:00 AM,5:52:00 AM
21,OM,2779,6/8/2009,22,0,0,6:05:00 AM,6:17:00 AM
24,OM,2807,6/8/2009,30,0,0,9:44:00 AM,9:56:00 AM
43,OM,2821,6/9/2009,17,0,0,6:00:00 AM,6:12:00 AM
44,OM,2834,6/9/2009,18,0,0,6:44:00 AM,6:56:00 AM
45,OM,2835,6/9/2009,20,0,0,7:13:00 AM,7:25:00 AM
132,OM,2852,6/9/2009,24,1,0,8:56:00 AM,9:08:00 AM
143,OM,2872,6/8/2009,24,0,1,9:49:00 AM,10:01:00 AM
130,OM,2878,6/9/2009,17,0,0,6:11:00 AM,6:23:00 AM
131,OM,2896,6/9/2009,22,0,0,8:14:00 AM,8:26:00 AM
133,OM,2928,6/8/2009,17,0,1,5:25:00 AM,5:37:00 AM
134,OM,2944,6/8/2009,17,0,1,5:45:00 AM,5:57:00 AM
142,OM,2946,6/8/2009,24,1,1,8:58:00 AM,9:10:00 AM
179,OM,2950,6/8/2009,26,0,1,9:15:00 AM,9:27:00 AM
178,OM,2951,6/8/2009,25,0,1,8:38:00 AM,8:50:00 AM
33,OM,2958,6/9/2009,24,0,0,7:33:00 AM,7:45:00 AM
137,OM,2961,6/8/2009,19,0,1,6:40:00 AM,6:52:00 AM
136,OM,2962,6/8/2009,17,0,1,6:21:00 AM,6:33:00 AM
135,OM,2963,6/8/2009,17,0,1,6:04:00 AM,6:16:00 AM
177,OM,2970,6/8/2009,22,0,1,8:06:00 AM,8:18:00 AM
176,OM,2985,6/8/2009,21,0,1,7:36:00 AM,7:48:00 AM
180,OM,2990,6/8/2009,27,0,1,10:11:00 AM,10:23:00 AM
103,OM,3005,6/8/2009,21,0,2,7:08:00 AM,7:20:00 AM
138,OM,3031,6/8/2009,20,0,1,7:03:00 AM,7:15:00 AM
141,OM,3033,6/8/2009,22,0,1,8:12:00 AM,8:24:00 AM
181,OM,3038,6/9/2009,19,0,0,6:06:00 AM,6:18:00 AM
185,OM,3043,6/9/2009,26,1,0,9:38:00 AM,9:50:00 AM
32,OM,3047,6/9/2009,21,1,0,6:34:00 AM,6:46:00 AM
140,OM,3048,6/8/2009,23,1,1,7:41:00 AM,7:53:00 AM
139,OM,3049,6/8/2009,21,0,1,7:20:00 AM,7:32:00 AM
184,OM,3061,6/9/2009,26,0,0,9:10:00 AM,9:22:00 AM
31,OM,3064,6/9/2009,21,0,0,6:05:00 AM,6:17:00 AM
182,OM,3074,6/9/2009,22,0,0,7:47:00 AM,7:59:00 AM
183,OM,3077,6/9/2009,24,0,0,8:36:00 AM,8:48:00 AM
34,OM,3106,6/8/2009,21,0,0,7:07:00 AM,7:19:00 AM
35,OM,3127,6/8/2009,26,0,1,8:30:00 AM,8:42:00 AM
36,OM,3134,6/8/2009,26,0,1,9:05:00 AM,9:17:00 AM
46,OM,3139,6/8/2009,26,0,0,9:45:00 AM,9:57:00 AM
86,SI,3144,6/17/2009,25,0,0,7:41:00 AM,7:53:00 AM
87,SI,3147,6/17/2009,27,0,0,8:38:00 AM,8:50:00 AM
88,SI,3150,6/17/2009,31,1,0,9:08:00 AM,9:20:00 AM
85,SI,3154,6/17/2009,23,0,0,6:34:00 AM,6:46:00 AM
84,SI,3161,6/17/2009,22,0,0,5:52:00 AM,6:04:00 AM
171,SI,3170,6/17/2009,22,0,0,6:59:00 AM,7:11:00 AM
172,SI,3170,6/17/2009,22,0,0,6:59:00 AM,7:11:00 AM
170,SI,3173,6/17/2009,20,0,0,6:25:00 AM,6:37:00 AM
173,SI,3173,6/17/2009,20,0,0,6:33:00 AM,6:45:00 AM
169,SI,3174,6/17/2009,20,0,0,5:55:00 AM,6:07:00 AM
166,SI,3175,6/17/2009,20,0,0,5:31:00 AM,5:43:00 AM
195,SI,3176,6/17/2009,29,1,0,10:05:00 AM,10:17:00 AM
196,SI,3179,6/17/2009,30,1,0,10:20:00 AM,10:32:00 AM
197,SI,3185,6/17/2009,22,0,0,7:45:00 AM,7:57:00 AM
198,SI,3191,6/17/2009,23,0,0,7:15:00 AM,7:27:00 AM
199,SI,3196,6/17/2009,24,0,0,8:12:00 AM,8:24:00 AM
128,SI,3199,6/17/2009,29,1,0,9:49:00 AM,10:01:00 AM
175,SI,3210,6/24/2009,26,0,0,7:21:00 AM,7:33:00 AM
123,SI,3211,6/17/2009,20,0,0,5:55:00 AM,6:07:00 AM
127,SI,3212,6/17/2009,29,1,0,9:12:00 AM,9:24:00 AM
108,SI,3233,6/18/2009,22,0,0,7:10:00 AM,7:22:00 AM
124,SI,3242,6/17/2009,22,0,0,7:12:00 AM,7:24:00 AM
126,SI,3246,6/17/2009,24,1,0,8:05:00 AM,8:17:00 AM
125,SI,3247,6/17/2009,23,0,0,7:41:00 AM,7:53:00 AM
168,SI,3251,6/18/2009,24,0,0,6:56:00 AM,7:08:00 AM
129,SI,3257,6/18/2009,22,0,0,6:52:00 AM,7:04:00 AM
49,WC,3265,5/27/2009,21,0,2,6:50:00 AM,7:02:00 AM
16,WC,3266,5/26/2009,21,0,2,7:32:00 AM,7:44:00 AM
50,WC,3267,5/27/2009,22,0,2,7:21:00 AM,7:33:00 AM
15,WC,3268,5/27/2009,22,0,2,6:24:00 AM,6:36:00 AM
54,WC,3269,5/26/2009,21,0,2,7:09:00 AM,7:21:00 AM
17,WC,3270,5/26/2009,21,0,2,6:42:00 AM,6:54:00 AM
14,WC,3271,5/27/2009,21,0,2,7:45:00 AM,7:57:00 AM
48,WC,3272,5/27/2009,22,0,2,6:00:00 AM,6:12:00 AM
66,WC,3273,5/27/2009,21,0,2,7:19:00 AM,7:31:00 AM
53,WC,3274,5/26/2009,20,0,2,6:12:00 AM,6:24:00 AM
19,WC,3275,5/25/2009,24,1,2,9:45:00 AM,9:57:00 AM
156,WC,3278,5/27/2009,21,0,2,6:57:00 AM,7:09:00 AM
51,WC,3280,5/25/2009,21,0,2,9:16:00 AM,9:28:00 AM
60,WC,3282,5/25/2009,24,0,2,10:14:00 AM,10:24:00 AM
65,WC,3283,5/27/2009,20,0,2,6:31:00 AM,6:43:00 AM
63,WC,3285,5/26/2009,21,0,2,7:11:00 AM,7:23:00 AM
59,CW,3293,6/10/2009,20,0,0,6:25:00 AM,6:37:00 AM
157,WC,3297,5/27/2009,20,0,2,6:06:00 AM,6:18:00 AM
64,WC,3298,5/26/2009,20,0,2,5:43:00 AM,5:55:00 AM
58,CO,3313,6/10/2009,21,0,0,7:12:00 AM,7:24:00 AM
174,SI,3314,6/18/2009,25,0,0,8:35:00 AM,8:47:00 AM
160,WC,3319,5/26/2009,21,1,3,7:43:00 AM,7:55:00 AM
61,WC,3320,5/26/2009,20,0,2,6:13:00 AM,6:25:00 AM
159,WC,3321,5/26/2009,20,0,2,6:36:00 AM,6:48:00 AM
117,CO,3327,6/10/2009,19,0,1,6:32:00 AM,6:44:00 AM
186,CO,3332,6/10/2009,24,0,1,7:33:00 AM,7:45:00 AM
57,CO,3346,6/10/2009,22,0,0,7:56:00 AM,8:08:00 AM
116,CO,3358,6/11/2009,25,1,1,8:50:00 AM,9:02:00 AM
119,CO,3363,6/10/2009,21,0,1,7:50:00 AM,8:02:00 AM
188,CO,3367,6/10/2009,27,1,1,9:29:00 AM,9:41:00 AM
187,CO,3368,6/10/2009,26,1,1,8:44:00 AM,8:56:00 AM
83,CO,3400,6/16/2009,20,0,0,6:52:00 AM,7:04:00 AM
121,CO,3405,6/10/2009,32,1,1,9:36:00 AM,9:48:00 AM
118,CO,3410,6/10/2009,19,0,1,8:55:00 AM,9:07:00 AM
55,CO,3421,6/10/2009,30,1,0,10:25:00 AM,10:37:00 AM
158,WC,3432,5/25/2009,19,0,2,6:28:00 AM,6:40:00 AM
105,CO,3436,6/15/2009,22,0,1,6:48:00 AM,7:00:00 AM
162,CO,3439,6/15/2009,20,0,1,6:37:00 AM,6:49:00 AM
114,CO,3457,6/11/2009,20,0,1,6:35:00 AM,6:47:00 AM
115,CO,3459,6/11/2009,25,0,1,7:50:00 AM,8:02:00 AM
120,CO,3462,6/10/2009,26,0,1,8:31:00 AM,8:43:00 AM
194,CO,3465,6/11/2009,30,0,1,10:25:00 AM,10:37:00 AM
189,CO,3466,6/11/2009,24,0,1,6:57:00 AM,7:09:00 AM
193,CO,3468,6/11/2009,28,0,1,9:50:00 AM,10:02:00 AM
52,WC,3485,5/25/2009,19,0,2,7:06:00 AM,7:18:00 AM
164,CO,3506,6/15/2009,27,0,0,10:01:00 AM,10:13:00 AM
192,CO,3520,6/11/2009,27,1,1,9:18:00 AM,9:30:00 AM
18,WC,3540,5/25/2009,21,0,2,7:38:00 AM,7:50:00 AM
62,WC,3541,5/25/2009,20,0,3,8:11:00 AM,8:23:00 AM
113,CO,3553,6/15/2009,27,0,1,10:06:00 AM,10:18:00 AM
191,CO,3565,6/11/2009,26,0,1,8:23:00 AM,8:35:00 AM
190,CO,3566,6/11/2009,26,0,1,7:48:00 AM,8:00:00 AM
76,CO,3585,6/11/2009,25,0,0,7:41:00 AM,7:53:00 AM
107,CO,3606,6/15/2009,34,0,0,10:02:00 AM,10:14:00 AM
77,CO,3627,6/11/2009,25,0,0,7:10:00 AM,7:22:00 AM
69,CO,3637,6/15/2009,30,0,0,10:05:00 AM,10:17:00 AM
79,CO,3664,6/10/2009,29,0,0,9:27:00 AM,9:39:00 AM
165,CO,3688,6/16/2009,20,0,0,7:00:00 AM,7:12:00 AM
56,CO,3692,6/10/2009,29,0,0,10:00:00 AM,10:12:00 AM
80,CO,3699,6/10/2009,30,0,0,8:41:00 AM,8:53:00 AM
78,CO,3705,6/11/2009,25,0,0,6:38:00 AM,6:50:00 AM
163,CO,3707,6/5/2009,24,0,1,8:42:00 AM,8:54:00 AM
104,CO,3721,6/11/2009,23,0,1,6:53:00 AM,7:05:00 AM
81,CO,3727,6/10/2009,27,0,0,8:09:00 AM,8:21:00 AM
75,CO,3732,6/11/2009,27,1,0,8:48:00 AM,9:00:00 AM
122,CO,3736,6/10/2009,29,1,1,10:07:00 AM,10:19:00 AM
106,CO,3738,6/15/2009,23,0,0,8:05:00 AM,8:17:00 AM
161,CO,3740,6/15/2009,22,0,1,7:34:00 AM,7:46:00 AM
72,CO,3746,6/15/2009,22,0,2,7:14:00 AM,7:26:00 AM
109,CO,3747,6/16/2009,20,0,0,7:00:00 AM,7:12:00 AM
1,CO,3748,6/11/2009,27,0,1,7:41:00 AM,7:53:00 AM
70,CO,3761,6/15/2009,29,0,0,9:35:00 AM,9:47:00 AM
112,CO,3762,6/15/2009,23,0,1,9:03:00 AM,9:15:00 AM
74,CO,3770,6/11/2009,32,1,0,10:22:00 AM,10:34:00 AM
111,CO,3772,6/15/2009,22,0,1,7:33:00 AM,7:45:00 AM
82,CO,3776,6/10/2009,20,0,0,6:24:00 AM,6:36:00 AM
71,CO,3780,6/15/2009,24,0,0,9:03:00 AM,9:15:00 AM
110,CO,3805,6/15/2009,20,0,1,6:20:00 AM,6:32:00 AM
73,CO,3808,6/15/2009,21,0,2,6:31:00 AM,6:43:00 AM
218,BA,3813,5/21/2008,22,0,1,8:28:00 AM,8:40:00 AM
219,BA,3816,5/21/2008,21,1,1,8:05:00 AM,8:17:00 AM
220,BA,3817,5/21/2008,21,1,1,7:45:00 AM,7:57:00 AM
221,BA,3825,5/21/2008,21,0,1,7:23:00 AM,7:35:00 AM
222,BA,3842,5/21/2008,21,0,1,6:50:00 AM,7:02:00 AM
110,BA,3859,5/29/2008,27,1,1,10:05:00 AM,10:17:00 AM
229,BA,3882,5/21/2008,20,0,1,5:51:00 AM,6:03:00 AM
217,BA,3896,5/21/2008,24,1,0,9:19:00 AM,9:31:00 AM
228,BA,3906,5/22/2008,21,0,1,9:07:00 AM,9:19:00 AM
227,BA,3907,5/22/2008,24,2,1,8:42:00 AM,8:54:00 AM
114,BA,3919,5/22/2008,15,0,1,6:38:00 AM,6:50:00 AM
109,BA,3920,5/29/2008,24,0,1,8:10:00 AM,8:22:00 AM
95,BA,3921,5/21/2008,17,0,1,7:19:00 AM,7:31:00 AM
226,BA,3932,5/22/2008,18,0,1,7:42:00 AM,7:54:00 AM
108,BA,3971,5/29/2008,22,0,1,6:27:00 AM,6:39:00 AM
225,BA,3983,5/22/2008,18,0,1,6:53:00 AM,7:05:00 AM
223,BA,3988,5/22/2008,15,0,1,5:13:00 AM,5:25:00 AM
261,BA,4000,5/29/2008,21,0,0,6:03:00 AM,6:14:00 AM
206,BA,4001,5/21/2008,20,0,0,5:45:00 AM,5:57:00 AM
113,BA,4003,5/22/2008,14,0,1,5:50:00 AM,6:02:00 AM
173,BA,4015,5/23/2008,22,0,1,8:34:00 AM,8:46:00 AM
172,BA,4016,5/23/2008,22,1,2,8:58:00 AM,9:10:00 AM
252,BA,4027,5/26/2008,16,0,0,6:04:00 AM,6:15:00 AM
207,BA,4029,5/21/2008,20,0,1,6:20:00 AM,6:32:00 AM
112,BA,4032,5/22/2008,14,0,1,5:24:00 AM,5:36:00 AM
175,BA,4044,5/23/2008,21,0,1,7:28:00 AM,7:40:00 AM
174,BA,4045,5/23/2008,21,0,1,7:58:00 AM,8:10:00 AM
93,BA,4048,6/2/2008,23,0,0,5:42:00 AM,5:54:00 AM
260,BA,4049,5/29/2008,27,0,1,9:00:00 AM,9:12:00 AM
99,BA,4055,5/26/2008,16,0,0,6:39:00 AM,6:51:00 AM
208,BA,4057,5/21/2008,20,0,1,7:00:00 AM,7:12:00 AM
224,BA,4071,5/22/2008,16,0,1,6:19:00 AM,6:31:00 AM
94,BA,4076,6/2/2008,22,0,0,6:07:00 AM,6:19:00 AM
210,BA,4079,5/21/2008,22,0,0,9:47:00 AM,9:59:00 AM
209,BA,4086,5/21/2008,20,0,1,8:16:00 AM,8:28:00 AM
100,BA,4106,5/26/2008,18,0,1,8:57:00 AM,9:09:00 AM
259,BA,4117,5/29/2008,23,0,1,7:13:00 AM,7:24:00 AM
253,BA,4132,5/26/2008,23,0,1,8:33:00 AM,8:44:00 AM
97,BA,4137,5/21/2008,21,0,1,8:44:00 AM,8:56:00 AM
262,BA,4161,5/26/2008,24,0,1,9:32:00 AM,9:43:00 AM
96,BA,4166,5/21/2008,19,0,1,8:17:00 AM,8:29:00 AM
98,BA,4191,5/21/2008,26,0,1,10:03:00 AM,10:15:00 AM
231,BA,4208,5/28/2008,25,2,0,9:15:00 AM,9:27:00 AM
247,BA,4211,5/28/2008,23,1,0,7:42:00 AM,7:54:00 AM
254,BA,4222,5/28/2008,27,0,0,9:14:00 AM,9:25:00 AM
105,BA,4227,5/28/2008,22,0,0,6:52:00 AM,7:04:00 AM
264,BA,4228,5/28/2008,24,0,0,7:27:00 AM,7:38:00 AM
284,BA,4236,5/27/2008,15,0,0,6:00:00 AM,6:12:00 AM
171,BA,4246,5/28/2008,26,1,0,10:16:00 AM,10:28:00 AM
230,BA,4248,5/28/2008,24,1,0,8:36:00 AM,8:48:00 AM
89,BA,4269,5/31/2008,25,0,0,8:12:00 AM,8:24:00 AM
87,BA,4270,5/31/2008,24,0,0,7:40:00 AM,7:52:00 AM
215,BA,4289,5/19/2008,15,0,0,6:23:00 AM,6:35:00 AM
214,BA,4290,5/19/2008,16,0,0,6:52:00 AM,7:04:00 AM
213,BA,4291,5/19/2008,16,0,0,7:29:00 AM,7:41:00 AM
248,BA,4301,5/28/2008,23,1,0,8:08:00 AM,8:20:00 AM
232,BA,4314,5/30/2008,24,1,0,9:02:00 AM,9:14:00 AM
107,BA,4326,5/28/2008,26,0,0,8:16:00 AM,8:28:00 AM
263,BA,4333,5/28/2008,18,1,1,6:00:00 AM,6:12:00 AM
212,BA,4339,5/19/2008,18,0,0,8:05:00 AM,8:17:00 AM
104,BA,4343,5/28/2008,20,0,0,5:24:00 AM,5:36:00 AM
246,BA,4349,5/28/2008,20,1,0,6:59:00 AM,7:11:00 AM
106,BA,4369,5/28/2008,31,2,0,9:58:00 AM,10:10:00 AM
103,BA,4386,5/27/2008,20,0,0,6:50:00 AM,7:02:00 AM
211,BA,4387,5/19/2008,20,0,0,8:38:00 AM,8:50:00 AM
216,BA,4393,5/19/2008,23,0,0,10:05:00 AM,10:17:00 AM
234,BA,4409,5/30/2008,20,0,0,7:17:00 AM,7:29:00 AM
102,BA,4425,5/27/2008,20,0,0,7:52:00 AM,8:04:00 AM
250,BA,4429,5/27/2008,18.5,0,0,7:19:00 AM,7:30:00 AM
101,BA,4476,5/27/2008,28,0,0,9:40:00 AM,9:52:00 AM
244,BA,4484,5/28/2008,20,1,0,5:57:00 AM,6:09:00 AM
245,BA,4485,5/28/2008,21,1,0,6:25:00 AM,6:37:00 AM
251,BA,4499,5/27/2008,25,0,0,8:29:00 AM,8:40:00 AM
85,BA,4506,5/30/2008,27,0,0,10:19:00 AM,10:31:00 AM
256,BA,4538,5/30/2008,20,0,0,6:42:00 AM,6:53:00 AM
83,BA,4539,5/30/2008,21,0,0,7:32:00 AM,7:44:00 AM
243,BA,4548,5/28/2008,19,2,0,5:25:00 AM,5:37:00 AM
86,BA,4554,5/31/2008,26,0,0,8:55:00 AM,9:07:00 AM
91,BA,4556,5/31/2008,24,0,0,6:32:00 AM,6:44:00 AM
90,BA,4557,5/21/2008,23,0,0,5:58:00 AM,6:10:00 AM
88,BA,4559,5/31/2008,24,0,0,5:27:00 AM,5:39:00 AM
258,BA,4569,5/30/2008,26,0,0,9:39:00 AM,9:50:00 AM
237,BA,4577,5/29/2008,19,0,1,5:23:00 AM,5:35:00 AM
255,BA,4595,5/30/2008,18,0,0,5:32:00 AM,5:43:00 AM
111,BA,4614,5/30/2008,19,0,0,5:55:00 AM,6:07:00 AM
257,BA,4615,5/30/2008,23,0,0,8:07:00 AM,8:18:00 AM
233,BA,4626,5/30/2008,21,0,0,7:56:00 AM,8:08:00 AM
238,BA,4635,5/28/2008,21,0,1,6:04:00 AM,6:16:00 AM
242,BA,4638,5/28/2008,26,2,1,10:20:00 AM,10:32:00 AM
235,BA,4641,5/30/2008,19,0,1,6:15:00 AM,6:27:00 AM
84,BA,4665,5/30/2008,26,0,0,8:50:00 AM,9:02:00 AM
239,BA,4673,5/28/2008,21,1,1,6:51:00 AM,7:03:00 AM
240,BA,4684,5/28/2008,22,1,1,7:26:00 AM,7:34:00 AM
241,BA,4685,5/28/2008,23,1,1,8:28:00 AM,8:40:00 AM
92,BA,4687,6/2/2008,24,0,0,7:44:00 AM,7:56:00 AM
236,BA,4694,5/30/2008,18,0,1,5:22:00 AM,5:34:00 AM
266,BA,4713,6/2/2008,20,0,1,6:26:00 AM,6:37:00 AM
268,BA,4720,6/2/2008,23,0,0,8:19:00 AM,8:30:00 AM
4,BA,4727,6/2/2008,20,0,0,5:55:00 AM,6:07:00 AM
265,BA,4727,6/2/2008,20,0,1,5:53:00 AM,6:04:00 AM
267,BA,4733,6/2/2008,22,0,0,7:35:00 AM,7:46:00 AM
80,SS,4762,6/9/2008,23,0,0,6:22:00 AM,6:34:00 AM
79,SS,4763,6/9/2008,24,0,0,6:45:00 AM,6:57:00 AM
81,SS,4772,6/9/2008,22,0,0,5:54:00 AM,6:06:00 AM
75,SS,4778,6/9/2008,31,0,0,9:25:00 AM,9:37:00 AM
78,SS,4787,6/9/2008,27,0,0,7:11:00 AM,7:23:00 AM
76,SS,4790,6/9/2008,27,0,0,8:54:00 AM,9:06:00 AM
274,SS,4808,6/9/2008,24,0,0,6:43:00 AM,6:54:00 AM
271,SS,4812,6/3/2008,26,0,0,7:52:00 AM,8:03:00 AM
272,SS,4813,6/3/2008,29,0,0,8:45:00 AM,8:56:00 AM
77,SS,4818,6/9/2008,29,0,0,8:08:00 AM,8:20:00 AM
270,SS,4826,6/3/2008,25,0,0,7:26:00 AM,7:37:00 AM
275,SS,4835,6/9/2008,24.5,0,0,7:27:00 AM,7:38:00 AM
9,SS,4850,6/9/2008,21,0,0,6:39:00 AM,6:51:00 AM
269,SS,4857,6/3/2008,22,0,0,6:20:00 AM,6:31:00 AM
273,SS,4861,6/9/2008,23,0,0,5:34:00 AM,5:45:00 AM
10,SS,4906,6/9/2008,23,0,0,7:45:00 AM,7:57:00 AM
11,SS,4918,6/9/2008,29,0,0,8:34:00 AM,8:46:00 AM
8,SS,4947,6/9/2008,21,0,0,5:41:00 AM,5:53:00 AM
7,SS,4965,6/3/2008,25,0,0,7:33:00 AM,7:45:00 AM
5,SS,4990,6/3/2008,24,0,4,5:37:00 AM,5:49:00 AM
82,SS,4991,6/3/2008,24,0,0,7:00:00 AM,7:11:00 AM
74,SS,4997,6/3/2008,20,0,0,6:00:00 AM,6:12:00 AM
6,SS,5004,6/3/2008,21.5,0,0,6:31:00 AM,6:43:00 AM
195,PE,5031,6/19/2008,16,0,0,6:53:00 AM,7:05:00 AM
196,PE,5033,6/19/2008,18,0,0,7:26:00 AM,7:38:00 AM
197,PE,5048,6/19/2008,20,1,0,9:05:00 AM,9:17:00 AM
296,PE,5050,6/19/2008,21,0,1,8:28:00 AM,8:40:00 AM
298,PE,5054,6/19/2008,16,0,0,6:50:00 AM,7:02:00 AM
285,PE,5055,6/19/2008,19.5,0,1,7:40:00 AM,7:52:00 AM
191,PE,5073,6/18/2008,21,0,1,6:45:00 AM,6:57:00 AM
190,PE,5075,6/18/2008,20,0,1,5:50:00 AM,6:02:00 AM
192,PE,5076,6/18/2008,20,0,1,6:15:00 AM,6:27:00 AM
297,PE,5077,6/18/2008,27,2,1,9:03:00 AM,9:15:00 AM
287,PE,5078,6/18/2008,29.5,2,0,9:49:00 AM,10:01:00 AM
194,PE,5079,6/18/2008,31,1,0,9:54:00 AM,10:06:00 AM
193,PE,5080,6/18/2008,30,1,0,10:19:00 AM,10:31:00 AM
61,PE,5091,6/19/2008,15,0,0,6:50:00 AM,7:02:00 AM
33,PE,5095,6/18/2008,24,0,0,8:57:00 AM,9:09:00 AM
188,PE,5100,6/17/2008,24,0,0,7:54:00 AM,8:06:00 AM
189,PE,5110,6/17/2008,30,1,0,8:53:00 AM,9:05:00 AM
30,PE,5113,6/18/2008,15.5,0,0,7:03:00 AM,7:15:00 AM
29,PE,5138,6/17/2008,27,1,0,10:21:00 AM,10:33:00 AM
31,PE,5141,6/18/2008,22.5,0,0,7:22:00 AM,7:34:00 AM
23,PE,5146,6/16/2008,27,1,2,8:41:00 AM,8:53:00 AM
32,PE,5149,6/18/2008,25,2,2,7:56:00 AM,8:08:00 AM
27,PE,5153,6/17/2008,27.5,0,0,8:48:00 AM,9:00:00 AM
28,PE,5154,6/17/2008,34,1,0,9:24:00 AM,9:36:00 AM
26,PE,5157,6/17/2008,25.5,0,0,8:09:00 AM,8:21:00 AM
25,PE,5158,6/17/2008,22.5,0,0,7:30:00 AM,7:42:00 AM
24,PE,5185,6/17/2008,20,0,0,6:21:00 AM,6:33:00 AM
21,PE,5202,6/16/2008,17.5,0,0,5:27:00 AM,5:39:00 AM
184,PE,5212,6/12/2008,26,0,0,9:01:00 AM,9:13:00 AM
22,PE,5215,6/16/2008,24,0,0,8:18:00 AM,8:30:00 AM
176,PE,5239,6/16/2008,19,0,0,5:45:00 AM,5:57:00 AM
183,PE,5251,6/12/2008,26,0,0,8:21:00 AM,8:33:00 AM
177,PE,5262,6/16/2008,19,0,0,6:21:00 AM,6:33:00 AM
182,PE,5277,6/12/2008,25,0,0,7:57:00 AM,8:09:00 AM
186,PE,5278,6/12/2008,33,1,1,9:57:00 AM,10:09:00 AM
185,PE,5279,6/12/2008,29,1,1,9:35:00 AM,9:47:00 AM
181,PE,5292,6/12/2008,22,0,0,7:35:00 AM,7:47:00 AM
178,PE,5296,6/16/2008,23,0,0,7:05:00 AM,7:17:00 AM
187,PE,5306,6/17/2008,19,0,0,5:50:00 AM,6:02:00 AM
179,PE,5358,6/16/2008,22,1,0,7:47:00 AM,7:59:00 AM
55,PE,5371,6/16/2008,18,0,0,5:25:00 AM,5:37:00 AM
18,PE,5373,6/12/2008,27.5,0,0,9:19:00 AM,9:31:00 AM
19,PE,5374,6/12/2008,25.5,0,0,8:51:00 AM,9:03:00 AM
20,PE,5376,6/12/2008,27,1,0,8:22:00 AM,8:34:00 AM
180,PE,5387,6/16/2008,27,1,0,9:02:00 AM,9:14:00 AM
16,PE,5401,6/12/2008,18,0,0,6:42:00 AM,6:54:00 AM
17,PE,5402,6/12/2008,23,0,0,7:45:00 AM,7:57:00 AM
51,PE,5417,6/12/2008,20,0,0,7:52:00 AM,8:04:00 AM
303,PE,5427,6/12/2008,17,0,0,5:37:00 AM,5:49:00 AM
50,PE,5436,6/12/2008,15,0,0,6:08:00 AM,6:20:00 AM
54,PE,5445,6/16/2008,18,0,1,6:40:00 AM,6:52:00 AM
49,PE,5463,6/16/2008,22,0,0,7:40:00 AM,7:52:00 AM
53,PE,5465,6/16/2008,20,0,1,7:10:00 AM,7:22:00 AM
52,PE,5483,6/12/2008,22,0,0,9:54:00 AM,10:06:00 AM
47,PE,5488,6/16/2008,27,0,0,9:47:00 AM,9:59:00 AM
67,PE,5491,6/17/2008,32,0,0,9:03:00 AM,9:15:00 AM
48,PE,5509,6/16/2008,25,0,0,9:01:00 AM,9:13:00 AM
280,PE,5523,6/12/2008,22,0,0,6:29:00 AM,6:41:00 AM
281,PE,5524,6/12/2008,24,0,0,7:37:00 AM,7:49:00 AM
282,PE,5529,6/12/2008,26,0,0,8:30:00 AM,8:42:00 AM
62,PE,5537,6/18/2008,24,1,0,9:45:00 AM,9:57:00 AM
295,PE,5546,6/16/2008,20,0,0,6:54:00 AM,7:06:00 AM
66,PE,5555,6/17/2008,22,0,0,8:10:00 AM,8:22:00 AM
279,PE,5557,6/25/2008,20,0,0,5:32:00 AM,5:44:00 AM
283,PE,5561,6/12/2008,31,0,0,9:55:00 AM,10:07:00 AM
299,PE,5573,6/16/2008,21,0,0,5:52:00 AM,6:04:00 AM
302,PE,5580,6/16/2008,29,0,0,9:28:00 AM,9:40:00 AM
300,PE,5596,6/16/2008,26,0,0,8:12:00 AM,8:24:00 AM
301,PE,5597,6/16/2008,27,0,0,8:57:00 AM,9:09:00 AM
65,PE,5599,6/17/2008,24,0,0,7:03:00 AM,7:15:00 AM
64,PE,5629,6/17/2008,22,0,0,6:21:00 AM,6:33:00 AM
63,PE,5665,6/17/2008,20,0,0,5:46:00 AM,5:58:00 AM
56,PE,5700,6/18/2008,25,0,1,8:53:00 AM,9:05:00 AM
57,PE,5701,6/18/2008,23,0,1,8:15:00 AM,8:27:00 AM
286,PE,5705,6/19/2008,21,0,0,7:00:00 AM,7:12:00 AM
59,PE,5722,6/18/2008,27,0,1,9:42:00 AM,9:54:00 AM
293,PE,5746,6/19/2008,31,0,0,10:08:00 AM,10:20:00 AM
58,PE,5754,6/18/2008,19,0,0,6:09:00 AM,6:21:00 AM
60,PE,5771,6/18/2008,26,0,0,10:56:00 AM,11:08:00 AM
35,GS,5811,6/23/2008,19.5,0,1,6:16:00 AM,6:28:00 AM
291,GS,5824,6/23/2008,25,0,3,7:18:00 AM,7:30:00 AM
289,GS,5825,6/23/2008,23,0,3,6:34:00 AM,6:46:00 AM
290,GS,5826,6/23/2008,24,0,3,6:54:00 AM,7:06:00 AM
198,GS,5837,6/23/2008,36,1,1,10:22:00 AM,10:34:00 AM
34,GS,5847,6/23/2008,30,1,1,8:50:00 AM,9:02:00 AM
38,GS,5848,6/23/2008,31,1,0,9:31:00 AM,9:43:00 AM
294,GS,5858,6/23/2008,22,0,3,6:00:00 AM,6:12:00 AM
288,GS,5873,6/23/2008,22,0,3,5:30:00 AM,5:42:00 AM
292,GS,5876,6/23/2008,30,0,3,8:50:00 AM,9:02:00 AM
46,GS,5879,6/23/2008,22,0,0,6:08:00 AM,6:20:00 AM
45,GS,5881,6/24/2008,20,0,0,5:32:00 AM,5:44:00 AM
200,GS,5883,6/23/2008,29,1,1,8:02:00 AM,8:14:00 AM
36,GS,5887,6/23/2008,23.5,0,1,7:07:00 AM,7:19:00 AM
43,GS,5888,6/23/2008,25,0,0,9:35:00 AM,9:47:00 AM
199,GS,5905,6/23/2008,31,1,1,8:32:00 AM,8:44:00 AM
37,GS,5906,6/23/2008,26.5,1,0,7:48:00 AM,8:00:00 AM
41,GS,5907,6/23/2008,24,0,1,7:30:00 AM,7:42:00 AM
44,GS,5908,6/23/2008,25,0,1,7:00:00 AM,7:12:00 AM
42,GS,5914,6/23/2008,26,0,0,8:00:00 AM,8:12:00 AM
40,GS,5918,6/23/2008,27,0,0,8:50:00 AM,9:02:00 AM
39,GS,5919,6/23/2008,26,0,0,8:27:00 AM,8:39:00 AM
201,GS,5920,6/23/2008,26,1,1,7:10:00 AM,7:22:00 AM
202,GS,5921,6/23/2008,24,1,1,6:44:00 AM,6:56:00 AM
205,GS,5922,6/23/2008,23,1,1,5:32:00 AM,5:44:00 AM
204,GS,5923,6/23/2008,23,0,1,5:51:00 AM,6:03:00 AM
203,GS,5924,6/23/2008,23,1,1,6:15:00 AM,6:27:00 AM
167,,,,,,,,